Date;Workout Name;Exercise Name;Set Order;Weight;Weight Unit;Reps;RPE;Distance;Distance Unit;Seconds;Notes;Workout Notes;Workout Duration
2018-06-25 09:45:13;"Trening 1";"Bench Press (Barbell)";1;40;kg;5;;;;0;"";"";1h 14m
2018-06-25 09:45:13;"Trening 1";"Bench Press (Barbell)";2;35;kg;6;;;;0;;;1h 14m
2018-06-25 09:45:13;"Trening 1";"Bench Press (Barbell)";3;30;kg;8;;;;0;;;1h 14m
2018-06-25 09:45:13;"Trening 1";"Bench Press (Barbell)";4;30;kg;8;;;;0;;;1h 14m
2018-06-25 09:45:13;"Trening 1";"Overhead Press (Barbell)";1;20;kg;5;;;;0;"";;1h 14m
2018-06-25 09:45:13;"Trening 1";"Overhead Press (Barbell)";2;20;kg;6;;;;0;;;1h 14m
2018-06-25 09:45:13;"Trening 1";"Overhead Press (Barbell)";3;15;kg;8;;;;0;;;1h 14m
2018-06-25 09:45:13;"Trening 1";"Overhead Press (Barbell)";4;15;kg;8;;;;0;;;1h 14m
2018-06-25 09:45:13;"Trening 1";"Squat (Barbell)";1;30;kg;5;;;;0;"";;1h 14m
2018-06-25 09:45:13;"Trening 1";"Squat (Barbell)";2;20;kg;6;;;;0;;;1h 14m
2018-06-25 09:45:13;"Trening 1";"Front Raise (Dumbbell)";1;5;kg;12;;;;0;"";;1h 14m
2018-06-25 09:45:13;"Trening 1";"Front Raise (Dumbbell)";2;5;kg;12;;;;0;;;1h 14m
2018-06-25 09:45:13;"Trening 1";"Triceps Dip";1;0;kg;12;;;;0;"";;1h 14m
2018-06-25 09:45:13;"Trening 1";"Triceps Dip";2;0;kg;12;;;;0;;;1h 14m
2018-06-25 09:45:13;"Trening 1";"Triceps Dip";3;0;kg;8;;;;0;;;1h 14m
2018-06-25 09:45:13;"Trening 1";"Plank";1;;;;;;km;60;"";;1h 14m
2018-06-25 09:45:13;"Trening 1";"Plank";2;;;;;;km;60;;;1h 14m
2018-06-25 09:45:13;"Trening 1";"Plank";3;;;;;;km;60;;;1h 14m
2018-06-25 09:45:13;"Trening 1";"Hanging Knee Raise";1;;;12;;;;0;"";;1h 14m
2018-06-25 09:45:13;"Trening 1";"Hanging Knee Raise";2;;;12;;;;0;;;1h 14m
2018-06-25 09:45:13;"Trening 1";"Hanging Knee Raise";3;;;12;;;;0;;;1h 14m
2018-06-27 09:56:02;"Trening 2";"Deadlift (Barbell)";1;40;kg;5;;;;0;"";"";1h 10m
2018-06-27 09:56:02;"Trening 2";"Deadlift (Barbell)";2;40;kg;6;;;;0;;;1h 10m
2018-06-27 09:56:02;"Trening 2";"Deadlift (Barbell)";3;35;kg;8;;;;0;;;1h 10m
2018-06-27 09:56:02;"Trening 2";"Deadlift (Barbell)";4;30;kg;8;;;;0;;;1h 10m
2018-06-27 09:56:02;"Trening 2";"Bent Over Row (Barbell)";1;35;kg;5;;;;0;"";;1h 10m
2018-06-27 09:56:02;"Trening 2";"Bent Over Row (Barbell)";2;30;kg;6;;;;0;;;1h 10m
2018-06-27 09:56:02;"Trening 2";"Bent Over Row (Barbell)";3;25;kg;8;;;;0;;;1h 10m
2018-06-27 09:56:02;"Trening 2";"Bent Over Row (Barbell)";4;25;kg;8;;;;0;;;1h 10m
2018-06-27 09:56:02;"Trening 2";"Pull Up";1;0;kg;7;;;;0;"";;1h 10m
2018-06-27 09:56:02;"Trening 2";"Pull Up";2;0;kg;5;;;;0;;;1h 10m
2018-06-27 09:56:02;"Trening 2";"Pull Up";3;0;kg;3;;;;0;;;1h 10m
2018-06-27 09:56:02;"Trening 2";"Pull Up";4;0;kg;2;;;;0;;;1h 10m
2018-06-27 09:56:02;"Trening 2";"Bench Press (Dumbbell)";1;12,5;kg;5;;;;0;"";;1h 10m
2018-06-27 09:56:02;"Trening 2";"Bench Press (Dumbbell)";2;12,5;kg;10;;;;0;;;1h 10m
2018-06-27 09:56:02;"Trening 2";"Bench Press (Dumbbell)";3;12,5;kg;10;;;;0;;;1h 10m
2018-06-27 09:56:02;"Trening 2";"Bicep Curl (Dumbbell)";1;5;kg;12;;;;0;"";;1h 10m
2018-06-27 09:56:02;"Trening 2";"Bicep Curl (Dumbbell)";2;5;kg;12;;;;0;;;1h 10m
2018-06-27 09:56:02;"Trening 2";"Bicep Curl (Dumbbell)";3;5;kg;12;;;;0;;;1h 10m
2018-06-27 09:56:02;"Trening 2";"Plank";1;;;;;;km;60;"";;1h 10m
2018-06-27 09:56:02;"Trening 2";"Plank";2;;;;;;km;60;;;1h 10m
2018-06-27 09:56:02;"Trening 2";"Plank";3;;;;;;km;60;;;1h 10m
2018-06-27 09:56:02;"Trening 2";"Cable Crunch";1;20;kg;12;;;;0;"";;1h 10m
2018-06-27 09:56:02;"Trening 2";"Cable Crunch";2;25;kg;12;;;;0;;;1h 10m
2018-06-27 09:56:02;"Trening 2";"Cable Crunch";3;30;kg;12;;;;0;;;1h 10m
2018-06-29 10:40:33;"Trening 1";"Bench Press (Barbell)";1;70;kg;3;;;;0;"";"";1h 22m
2018-06-29 10:40:33;"Trening 1";"Bench Press (Barbell)";2;60;kg;6;;;;0;;;1h 22m
2018-06-29 10:40:33;"Trening 1";"Bench Press (Barbell)";3;55;kg;8;;;;0;;;1h 22m
2018-06-29 10:40:33;"Trening 1";"Bench Press (Barbell)";4;52,5;kg;8;;;;0;;;1h 22m
2018-06-29 10:40:33;"Trening 1";"Overhead Press (Barbell)";1;35;kg;5;;;;0;"";;1h 22m
2018-06-29 10:40:33;"Trening 1";"Overhead Press (Barbell)";2;30;kg;6;;;;0;;;1h 22m
2018-06-29 10:40:33;"Trening 1";"Overhead Press (Barbell)";3;27,5;kg;8;;;;0;;;1h 22m
2018-06-29 10:40:33;"Trening 1";"Overhead Press (Barbell)";4;25;kg;8;;;;0;;;1h 22m
2018-06-29 10:40:33;"Trening 1";"Squat (Barbell)";1;25;kg;5;;;;0;"";;1h 22m
2018-06-29 10:40:33;"Trening 1";"Squat (Barbell)";2;22,5;kg;6;;;;0;;;1h 22m
2018-06-29 10:40:33;"Trening 1";"Squat (Barbell)";3;20;kg;8;;;;0;;;1h 22m
2018-06-29 10:40:33;"Trening 1";"Squat (Barbell)";4;20;kg;8;;;;0;;;1h 22m
2018-06-29 10:40:33;"Trening 1";"Front Raise (Dumbbell)";1;7,5;kg;10;;;;0;"";;1h 22m
2018-06-29 10:40:33;"Trening 1";"Front Raise (Dumbbell)";2;7,5;kg;6;;;;0;;;1h 22m
2018-06-29 10:40:33;"Trening 1";"Triceps Dip";1;0;kg;12;;;;0;"Pierwsza seria troche technicznie slaba wg mnie, 2 i 3 konkretnie na triceps";;1h 22m
2018-06-29 10:40:33;"Trening 1";"Triceps Dip";2;0;kg;12;;;;0;;;1h 22m
2018-06-29 10:40:33;"Trening 1";"Triceps Dip";3;0;kg;12;;;;0;;;1h 22m
2018-06-29 10:40:33;"Trening 1";"Plank";1;;;;;;km;65;"";;1h 22m
2018-06-29 10:40:33;"Trening 1";"Plank";2;;;;;;km;65;;;1h 22m
2018-06-29 10:40:33;"Trening 1";"Plank";3;;;;;;km;80;;;1h 22m
2018-06-29 10:40:33;"Trening 1";"Hanging Knee Raise";1;;;13;;;;0;"";;1h 22m
2018-06-29 10:40:33;"Trening 1";"Hanging Knee Raise";2;;;13;;;;0;;;1h 22m
2018-06-29 10:40:33;"Trening 1";"Hanging Knee Raise";3;;;13;;;;0;;;1h 22m
2018-07-02 10:03:18;"Trening 2";"Deadlift (Barbell)";1;45;kg;5;;;;0;"";"";1h 18m
2018-07-02 10:03:18;"Trening 2";"Deadlift (Barbell)";2;45;kg;6;;;;0;;;1h 18m
2018-07-02 10:03:18;"Trening 2";"Deadlift (Barbell)";3;40;kg;8;;;;0;;;1h 18m
2018-07-02 10:03:18;"Trening 2";"Deadlift (Barbell)";4;40;kg;8;;;;0;;;1h 18m
2018-07-02 10:03:18;"Trening 2";"Bent Over Row (Barbell)";1;40;kg;5;;;;0;"";;1h 18m
2018-07-02 10:03:18;"Trening 2";"Bent Over Row (Barbell)";2;40;kg;6;;;;0;;;1h 18m
2018-07-02 10:03:18;"Trening 2";"Bent Over Row (Barbell)";3;35;kg;8;;;;0;;;1h 18m
2018-07-02 10:03:18;"Trening 2";"Bent Over Row (Barbell)";4;35;kg;8;;;;0;;;1h 18m
2018-07-02 10:03:18;"Trening 2";"Pull Up";1;0;kg;8;;;;0;"1. lekka pomoc nogami przy 8 
2. lekka
3. lekka 
4. przy ostatnim mocno nogami";;1h 18m
2018-07-02 10:03:18;"Trening 2";"Pull Up";2;0;kg;6;;;;0;;;1h 18m
2018-07-02 10:03:18;"Trening 2";"Pull Up";3;0;kg;4;;;;0;;;1h 18m
2018-07-02 10:03:18;"Trening 2";"Pull Up";4;0;kg;4;;;;0;;;1h 18m
2018-07-02 10:03:18;"Trening 2";"Bench Press (Dumbbell)";1;15;kg;10;;;;0;"";;1h 18m
2018-07-02 10:03:18;"Trening 2";"Bench Press (Dumbbell)";2;15;kg;10;;;;0;;;1h 18m
2018-07-02 10:03:18;"Trening 2";"Bench Press (Dumbbell)";3;15;kg;10;;;;0;;;1h 18m
2018-07-02 10:03:18;"Trening 2";"Bicep Curl (Dumbbell)";1;7,5;kg;12;;;;0;"ostatnie w chuj ciezko i juz lekkie kolysanie tulowiem";;1h 18m
2018-07-02 10:03:18;"Trening 2";"Bicep Curl (Dumbbell)";2;7,5;kg;12;;;;0;;;1h 18m
2018-07-02 10:03:18;"Trening 2";"Bicep Curl (Dumbbell)";3;7,5;kg;12;;;;0;;;1h 18m
2018-07-02 10:03:18;"Trening 2";"Plank";1;;;;;;km;65;"";;1h 18m
2018-07-02 10:03:18;"Trening 2";"Plank";2;;;;;;km;65;;;1h 18m
2018-07-02 10:03:18;"Trening 2";"Plank";3;;;;;;km;80;;;1h 18m
2018-07-02 10:03:18;"Trening 2";"Cable Crunch";1;20;kg;12;;;;0;"sprawdzic w necie, odleglosc od.maszyny , stopy itd ";;1h 18m
2018-07-02 10:03:18;"Trening 2";"Cable Crunch";2;30;kg;12;;;;0;;;1h 18m
2018-07-02 10:03:18;"Trening 2";"Cable Crunch";3;40;kg;12;;;;0;;;1h 18m
2018-07-05 08:33:16;"Trening 1";"Bench Press (Barbell)";1;70;kg;4;;;;0;"";"";1h 12m
2018-07-05 08:33:16;"Trening 1";"Bench Press (Barbell)";2;65;kg;6;;;;0;;;1h 12m
2018-07-05 08:33:16;"Trening 1";"Bench Press (Barbell)";3;60;kg;8;;;;0;;;1h 12m
2018-07-05 08:33:16;"Trening 1";"Bench Press (Barbell)";4;55;kg;8;;;;0;;;1h 12m
2018-07-05 08:33:16;"Trening 1";"Overhead Press (Barbell)";1;40;kg;5;;;;0;"";;1h 12m
2018-07-05 08:33:16;"Trening 1";"Overhead Press (Barbell)";2;35;kg;6;;;;0;;;1h 12m
2018-07-05 08:33:16;"Trening 1";"Overhead Press (Barbell)";3;30;kg;8;;;;0;;;1h 12m
2018-07-05 08:33:16;"Trening 1";"Overhead Press (Barbell)";4;25;kg;8;;;;0;;;1h 12m
2018-07-05 08:33:16;"Trening 1";"Squat (Barbell)";1;27,5;kg;5;;;;0;"";;1h 12m
2018-07-05 08:33:16;"Trening 1";"Squat (Barbell)";2;25;kg;6;;;;0;;;1h 12m
2018-07-05 08:33:16;"Trening 1";"Squat (Barbell)";3;22,5;kg;8;;;;0;;;1h 12m
2018-07-05 08:33:16;"Trening 1";"Squat (Barbell)";4;22,5;kg;8;;;;0;;;1h 12m
2018-07-05 08:33:16;"Trening 1";"Front Raise (Dumbbell)";1;7,5;kg;12;;;;0;"";;1h 12m
2018-07-05 08:33:16;"Trening 1";"Front Raise (Dumbbell)";2;7,5;kg;10;;;;0;;;1h 12m
2018-07-05 08:33:16;"Trening 1";"Triceps Dip";1;0;kg;12;;;;0;"";;1h 12m
2018-07-05 08:33:16;"Trening 1";"Triceps Dip";2;0;kg;12;;;;0;;;1h 12m
2018-07-05 08:33:16;"Trening 1";"Triceps Dip";3;0;kg;12;;;;0;;;1h 12m
2018-07-05 08:33:16;"Trening 1";"Plank";1;;;;;;km;60;"";;1h 12m
2018-07-05 08:33:16;"Trening 1";"Plank";2;;;;;;km;60;;;1h 12m
2018-07-05 08:33:16;"Trening 1";"Plank";3;;;;;;km;60;;;1h 12m
2018-07-05 08:33:16;"Trening 1";"Hanging Knee Raise";1;;;13;;;;0;"";;1h 12m
2018-07-05 08:33:16;"Trening 1";"Hanging Knee Raise";2;;;13;;;;0;;;1h 12m
2018-07-05 08:33:16;"Trening 1";"Hanging Knee Raise";3;;;13;;;;0;;;1h 12m
2018-07-07 10:39:07;"Trening 2";"Deadlift (Barbell)";1;50;kg;5;;;;0;"";"";1h 14m
2018-07-07 10:39:07;"Trening 2";"Deadlift (Barbell)";2;45;kg;6;;;;0;;;1h 14m
2018-07-07 10:39:07;"Trening 2";"Deadlift (Barbell)";3;40;kg;8;;;;0;;;1h 14m
2018-07-07 10:39:07;"Trening 2";"Deadlift (Barbell)";4;40;kg;8;;;;0;;;1h 14m
2018-07-07 10:39:07;"Trening 2";"Bent Over Row (Barbell)";1;45;kg;5;;;;0;"";;1h 14m
2018-07-07 10:39:07;"Trening 2";"Bent Over Row (Barbell)";2;40;kg;6;;;;0;;;1h 14m
2018-07-07 10:39:07;"Trening 2";"Bent Over Row (Barbell)";3;35;kg;8;;;;0;;;1h 14m
2018-07-07 10:39:07;"Trening 2";"Bent Over Row (Barbell)";4;35;kg;8;;;;0;;;1h 14m
2018-07-07 10:39:07;"Trening 2";"Pull Up";1;0;kg;10;;;;0;"";;1h 14m
2018-07-07 10:39:07;"Trening 2";"Pull Up";2;0;kg;7;;;;0;;;1h 14m
2018-07-07 10:39:07;"Trening 2";"Pull Up";3;0;kg;5;;;;0;;;1h 14m
2018-07-07 10:39:07;"Trening 2";"Pull Up";4;0;kg;4;;;;0;;;1h 14m
2018-07-07 10:39:07;"Trening 2";"Bench Press (Dumbbell)";1;17,5;kg;10;;;;0;"";;1h 14m
2018-07-07 10:39:07;"Trening 2";"Bench Press (Dumbbell)";2;17,5;kg;10;;;;0;;;1h 14m
2018-07-07 10:39:07;"Trening 2";"Bench Press (Dumbbell)";3;17,5;kg;10;;;;0;;;1h 14m
2018-07-07 10:39:07;"Trening 2";"Bicep Curl (Dumbbell)";1;10;kg;11;;;;0;"";;1h 14m
2018-07-07 10:39:07;"Trening 2";"Bicep Curl (Dumbbell)";2;10;kg;9;;;;0;;;1h 14m
2018-07-07 10:39:07;"Trening 2";"Bicep Curl (Dumbbell)";3;10;kg;6;;;;0;;;1h 14m
2018-07-07 10:39:07;"Trening 2";"Plank";1;;;;;;km;65;"";;1h 14m
2018-07-07 10:39:07;"Trening 2";"Plank";2;;;;;;km;65;;;1h 14m
2018-07-07 10:39:07;"Trening 2";"Plank";3;;;;;;km;70;;;1h 14m
2018-07-07 10:39:07;"Trening 2";"Cable Crunch";1;40;kg;12;;;;0;"";;1h 14m
2018-07-07 10:39:07;"Trening 2";"Cable Crunch";2;40;kg;12;;;;0;;;1h 14m
2018-07-07 10:39:07;"Trening 2";"Cable Crunch";3;40;kg;12;;;;0;;;1h 14m
2018-07-10 10:24:20;"Trening 1";"Bench Press (Barbell)";1;70;kg;5;;;;0;"poszlo 70 ";"";1h 18m
2018-07-10 10:24:20;"Trening 1";"Bench Press (Barbell)";2;65;kg;6;;;;0;;;1h 18m
2018-07-10 10:24:20;"Trening 1";"Bench Press (Barbell)";3;60;kg;8;;;;0;;;1h 18m
2018-07-10 10:24:20;"Trening 1";"Bench Press (Barbell)";4;55;kg;8;;;;0;;;1h 18m
2018-07-10 10:24:20;"Trening 1";"Overhead Press (Barbell)";1;45;kg;5;;;;0;"";;1h 18m
2018-07-10 10:24:20;"Trening 1";"Overhead Press (Barbell)";2;40;kg;6;;;;0;;;1h 18m
2018-07-10 10:24:20;"Trening 1";"Overhead Press (Barbell)";3;35;kg;8;;;;0;;;1h 18m
2018-07-10 10:24:20;"Trening 1";"Overhead Press (Barbell)";4;30;kg;8;;;;0;;;1h 18m
2018-07-10 10:24:20;"Trening 1";"Squat (Barbell)";1;35;kg;5;;;;0;"";;1h 18m
2018-07-10 10:24:20;"Trening 1";"Squat (Barbell)";2;32,5;kg;6;;;;0;;;1h 18m
2018-07-10 10:24:20;"Trening 1";"Squat (Barbell)";3;30;kg;8;;;;0;;;1h 18m
2018-07-10 10:24:20;"Trening 1";"Squat (Barbell)";4;30;kg;8;;;;0;;;1h 18m
2018-07-10 10:24:20;"Trening 1";"Front Raise (Dumbbell)";1;7,5;kg;12;;;;0;"";;1h 18m
2018-07-10 10:24:20;"Trening 1";"Front Raise (Dumbbell)";2;7,5;kg;12;;;;0;;;1h 18m
2018-07-10 10:24:20;"Trening 1";"Triceps Dip";1;0;kg;13;;;;0;"";;1h 18m
2018-07-10 10:24:20;"Trening 1";"Triceps Dip";2;0;kg;13;;;;0;;;1h 18m
2018-07-10 10:24:20;"Trening 1";"Triceps Dip";3;0;kg;14;;;;0;;;1h 18m
2018-07-10 10:24:20;"Trening 1";"Plank";1;;;;;;km;65;"";;1h 18m
2018-07-10 10:24:20;"Trening 1";"Plank";2;;;;;;km;65;;;1h 18m
2018-07-10 10:24:20;"Trening 1";"Plank";3;;;;;;km;65;;;1h 18m
2018-07-10 10:24:20;"Trening 1";"Hanging Knee Raise";1;;;13;;;;0;"";;1h 18m
2018-07-10 10:24:20;"Trening 1";"Hanging Knee Raise";2;;;13;;;;0;;;1h 18m
2018-07-10 10:24:20;"Trening 1";"Hanging Knee Raise";3;;;13;;;;0;;;1h 18m
2018-07-12 11:21:54;"Trening 2";"Deadlift (Barbell)";1;55;kg;5;;;;0;"";"";1h 15m
2018-07-12 11:21:54;"Trening 2";"Deadlift (Barbell)";2;50;kg;6;;;;0;;;1h 15m
2018-07-12 11:21:54;"Trening 2";"Deadlift (Barbell)";3;45;kg;8;;;;0;;;1h 15m
2018-07-12 11:21:54;"Trening 2";"Deadlift (Barbell)";4;40;kg;8;;;;0;;;1h 15m
2018-07-12 11:21:54;"Trening 2";"Bent Over Row (Barbell)";1;50;kg;5;;;;0;"";;1h 15m
2018-07-12 11:21:54;"Trening 2";"Bent Over Row (Barbell)";2;45;kg;6;;;;0;;;1h 15m
2018-07-12 11:21:54;"Trening 2";"Bent Over Row (Barbell)";3;40;kg;8;;;;0;;;1h 15m
2018-07-12 11:21:54;"Trening 2";"Bent Over Row (Barbell)";4;40;kg;8;;;;0;;;1h 15m
2018-07-12 11:21:54;"Trening 2";"Pull Up";1;0;kg;10;;;;0;"";;1h 15m
2018-07-12 11:21:54;"Trening 2";"Pull Up";2;0;kg;8;;;;0;;;1h 15m
2018-07-12 11:21:54;"Trening 2";"Pull Up";3;0;kg;6;;;;0;;;1h 15m
2018-07-12 11:21:54;"Trening 2";"Pull Up";4;0;kg;5;;;;0;;;1h 15m
2018-07-12 11:21:54;"Trening 2";"Bench Press (Dumbbell)";1;20;kg;10;;;;0;"";;1h 15m
2018-07-12 11:21:54;"Trening 2";"Bench Press (Dumbbell)";2;20;kg;10;;;;0;;;1h 15m
2018-07-12 11:21:54;"Trening 2";"Bench Press (Dumbbell)";3;20;kg;10;;;;0;;;1h 15m
2018-07-12 11:21:54;"Trening 2";"Bicep Curl (Dumbbell)";1;10;kg;12;;;;0;"";;1h 15m
2018-07-12 11:21:54;"Trening 2";"Bicep Curl (Dumbbell)";2;10;kg;6;;;;0;;;1h 15m
2018-07-12 11:21:54;"Trening 2";"Bicep Curl (Dumbbell)";3;10;kg;6;;;;0;;;1h 15m
2018-07-12 11:21:54;"Trening 2";"Plank";1;;;;;;km;60;"";;1h 15m
2018-07-12 11:21:54;"Trening 2";"Plank";2;;;;;;km;60;;;1h 15m
2018-07-12 11:21:54;"Trening 2";"Plank";3;;;;;;km;60;;;1h 15m
2018-07-12 11:21:54;"Trening 2";"Cable Crunch";1;40;kg;12;;;;0;"";;1h 15m
2018-07-12 11:21:54;"Trening 2";"Cable Crunch";2;40;kg;12;;;;0;;;1h 15m
2018-07-12 11:21:54;"Trening 2";"Cable Crunch";3;40;kg;12;;;;0;;;1h 15m
2018-07-14 12:54:03;"Trening 1";"Bench Press (Barbell)";1;72,5;kg;4;;;;0;"";"";1h 23m
2018-07-14 12:54:03;"Trening 1";"Bench Press (Barbell)";2;67,5;kg;6;;;;0;;;1h 23m
2018-07-14 12:54:03;"Trening 1";"Bench Press (Barbell)";3;62,5;kg;8;;;;0;;;1h 23m
2018-07-14 12:54:03;"Trening 1";"Bench Press (Barbell)";4;57,5;kg;8;;;;0;;;1h 23m
2018-07-14 12:54:03;"Trening 1";"Overhead Press (Barbell)";1;47,5;kg;3;;;;0;"";;1h 23m
2018-07-14 12:54:03;"Trening 1";"Overhead Press (Barbell)";2;42,5;kg;5;;;;0;;;1h 23m
2018-07-14 12:54:03;"Trening 1";"Overhead Press (Barbell)";3;37,5;kg;7;;;;0;;;1h 23m
2018-07-14 12:54:03;"Trening 1";"Overhead Press (Barbell)";4;32,5;kg;8;;;;0;;;1h 23m
2018-07-14 12:54:03;"Trening 1";"Squat (Barbell)";1;40;kg;5;;;;0;"";;1h 23m
2018-07-14 12:54:03;"Trening 1";"Squat (Barbell)";2;35;kg;6;;;;0;;;1h 23m
2018-07-14 12:54:03;"Trening 1";"Squat (Barbell)";3;32,5;kg;8;;;;0;;;1h 23m
2018-07-14 12:54:03;"Trening 1";"Squat (Barbell)";4;32,2;kg;8;;;;0;;;1h 23m
2018-07-14 12:54:03;"Trening 1";"Front Raise (Dumbbell)";1;7,5;kg;12;;;;0;"";;1h 23m
2018-07-14 12:54:03;"Trening 1";"Front Raise (Dumbbell)";2;7,5;kg;12;;;;0;;;1h 23m
2018-07-14 12:54:03;"Trening 1";"Triceps Dip";1;5;kg;12;;;;0;"";;1h 23m
2018-07-14 12:54:03;"Trening 1";"Triceps Dip";2;5;kg;12;;;;0;;;1h 23m
2018-07-14 12:54:03;"Trening 1";"Triceps Dip";3;5;kg;10;;;;0;;;1h 23m
2018-07-14 12:54:03;"Trening 1";"Plank";1;;;;;;km;60;"";;1h 23m
2018-07-14 12:54:03;"Trening 1";"Plank";2;;;;;;km;60;;;1h 23m
2018-07-14 12:54:03;"Trening 1";"Plank";3;;;;;;km;60;;;1h 23m
2018-07-14 12:54:03;"Trening 1";"Hanging Knee Raise";1;;;14;;;;0;"";;1h 23m
2018-07-14 12:54:03;"Trening 1";"Hanging Knee Raise";2;;;14;;;;0;;;1h 23m
2018-07-14 12:54:03;"Trening 1";"Hanging Knee Raise";3;;;14;;;;0;;;1h 23m
2018-07-18 16:45:16;"Trening 2";"Deadlift (Barbell)";1;60;kg;5;;;;0;"";"";1h 22m
2018-07-18 16:45:16;"Trening 2";"Deadlift (Barbell)";2;55;kg;6;;;;0;;;1h 22m
2018-07-18 16:45:16;"Trening 2";"Deadlift (Barbell)";3;50;kg;8;;;;0;;;1h 22m
2018-07-18 16:45:16;"Trening 2";"Deadlift (Barbell)";4;45;kg;8;;;;0;;;1h 22m
2018-07-18 16:45:16;"Trening 2";"Bent Over Row (Barbell)";1;65;kg;5;;;;0;"";;1h 22m
2018-07-18 16:45:16;"Trening 2";"Bent Over Row (Barbell)";2;60;kg;6;;;;0;;;1h 22m
2018-07-18 16:45:16;"Trening 2";"Bent Over Row (Barbell)";3;55;kg;8;;;;0;;;1h 22m
2018-07-18 16:45:16;"Trening 2";"Bent Over Row (Barbell)";4;50;kg;8;;;;0;;;1h 22m
2018-07-18 16:45:16;"Trening 2";"Pull Up";1;0;kg;10;;;;0;"";;1h 22m
2018-07-18 16:45:16;"Trening 2";"Pull Up";2;0;kg;7;;;;0;;;1h 22m
2018-07-18 16:45:16;"Trening 2";"Pull Up";3;0;kg;5;;;;0;;;1h 22m
2018-07-18 16:45:16;"Trening 2";"Pull Up";4;0;kg;5;;;;0;;;1h 22m
2018-07-18 16:45:16;"Trening 2";"Bench Press (Dumbbell)";1;22,5;kg;10;;;;0;"";;1h 22m
2018-07-18 16:45:16;"Trening 2";"Bench Press (Dumbbell)";2;22,5;kg;10;;;;0;;;1h 22m
2018-07-18 16:45:16;"Trening 2";"Bench Press (Dumbbell)";3;22,5;kg;8;;;;0;;;1h 22m
2018-07-18 16:45:16;"Trening 2";"Bicep Curl (Dumbbell)";1;10;kg;12;;;;0;"";;1h 22m
2018-07-18 16:45:16;"Trening 2";"Bicep Curl (Dumbbell)";2;10;kg;10;;;;0;;;1h 22m
2018-07-18 16:45:16;"Trening 2";"Bicep Curl (Dumbbell)";3;10;kg;9;;;;0;;;1h 22m
2018-07-18 16:45:16;"Trening 2";"Plank";1;;;;;;km;60;"";;1h 22m
2018-07-18 16:45:16;"Trening 2";"Plank";2;;;;;;km;60;;;1h 22m
2018-07-18 16:45:16;"Trening 2";"Plank";3;;;;;;km;60;;;1h 22m
2018-07-18 16:45:16;"Trening 2";"Cable Crunch";1;40;kg;12;;;;0;"";;1h 22m
2018-07-18 16:45:16;"Trening 2";"Cable Crunch";2;40;kg;12;;;;0;;;1h 22m
2018-07-18 16:45:16;"Trening 2";"Cable Crunch";3;40;kg;12;;;;0;;;1h 22m
2018-07-19 14:51:07;"Trening 1";"Bench Press (Barbell)";1;72,5;kg;5;;;;0;"";"";1h 27m
2018-07-19 14:51:07;"Trening 1";"Bench Press (Barbell)";2;67,5;kg;6;;;;0;;;1h 27m
2018-07-19 14:51:07;"Trening 1";"Bench Press (Barbell)";3;62,5;kg;8;;;;0;;;1h 27m
2018-07-19 14:51:07;"Trening 1";"Bench Press (Barbell)";4;60;kg;8;;;;0;;;1h 27m
2018-07-19 14:51:07;"Trening 1";"Overhead Press (Barbell)";1;45;kg;5;;;;0;"";;1h 27m
2018-07-19 14:51:07;"Trening 1";"Overhead Press (Barbell)";2;40;kg;6;;;;0;;;1h 27m
2018-07-19 14:51:07;"Trening 1";"Overhead Press (Barbell)";3;35;kg;8;;;;0;;;1h 27m
2018-07-19 14:51:07;"Trening 1";"Overhead Press (Barbell)";4;30;kg;8;;;;0;;;1h 27m
2018-07-19 14:51:07;"Trening 1";"Squat (Barbell)";1;45;kg;5;;;;0;"";;1h 27m
2018-07-19 14:51:07;"Trening 1";"Squat (Barbell)";2;45;kg;6;;;;0;;;1h 27m
2018-07-19 14:51:07;"Trening 1";"Squat (Barbell)";3;40;kg;8;;;;0;;;1h 27m
2018-07-19 14:51:07;"Trening 1";"Squat (Barbell)";4;40;kg;8;;;;0;;;1h 27m
2018-07-19 14:51:07;"Trening 1";"Front Raise (Dumbbell)";1;10;kg;8;;;;0;"";;1h 27m
2018-07-19 14:51:07;"Trening 1";"Front Raise (Dumbbell)";2;10;kg;7;;;;0;;;1h 27m
2018-07-19 14:51:07;"Trening 1";"Triceps Dip";1;8;kg;12;;;;0;"";;1h 27m
2018-07-19 14:51:07;"Trening 1";"Triceps Dip";2;8;kg;12;;;;0;;;1h 27m
2018-07-19 14:51:07;"Trening 1";"Triceps Dip";3;8;kg;12;;;;0;;;1h 27m
2018-07-19 14:51:07;"Trening 1";"Plank";1;;;;;;km;60;"";;1h 27m
2018-07-19 14:51:07;"Trening 1";"Plank";2;;;;;;km;60;;;1h 27m
2018-07-19 14:51:07;"Trening 1";"Plank";3;;;;;;km;60;;;1h 27m
2018-07-19 14:51:07;"Trening 1";"Hanging Knee Raise";1;;;15;;;;0;"";;1h 27m
2018-07-19 14:51:07;"Trening 1";"Hanging Knee Raise";2;;;15;;;;0;;;1h 27m
2018-07-19 14:51:07;"Trening 1";"Hanging Knee Raise";3;;;14;;;;0;;;1h 27m
2018-07-22 11:00:18;"Trening 2";"Deadlift (Barbell)";1;65;kg;5;;;;0;"";"";1h 23m
2018-07-22 11:00:18;"Trening 2";"Deadlift (Barbell)";2;60;kg;6;;;;0;;;1h 23m
2018-07-22 11:00:18;"Trening 2";"Deadlift (Barbell)";3;55;kg;8;;;;0;;;1h 23m
2018-07-22 11:00:18;"Trening 2";"Deadlift (Barbell)";4;50;kg;8;;;;0;;;1h 23m
2018-07-22 11:00:18;"Trening 2";"Bent Over Row (Barbell)";1;50;kg;5;;;;0;"";;1h 23m
2018-07-22 11:00:18;"Trening 2";"Bent Over Row (Barbell)";2;45;kg;6;;;;0;;;1h 23m
2018-07-22 11:00:18;"Trening 2";"Bent Over Row (Barbell)";3;40;kg;8;;;;0;;;1h 23m
2018-07-22 11:00:18;"Trening 2";"Bent Over Row (Barbell)";4;35;kg;8;;;;0;;;1h 23m
2018-07-22 11:00:18;"Trening 2";"Pull Up";1;0;kg;9;;;;0;"";;1h 23m
2018-07-22 11:00:18;"Trening 2";"Pull Up";2;0;kg;7;;;;0;;;1h 23m
2018-07-22 11:00:18;"Trening 2";"Pull Up";3;0;kg;7;;;;0;;;1h 23m
2018-07-22 11:00:18;"Trening 2";"Pull Up";4;0;kg;6;;;;0;;;1h 23m
2018-07-22 11:00:18;"Trening 2";"Bench Press (Dumbbell)";1;22,5;kg;10;;;;0;"";;1h 23m
2018-07-22 11:00:18;"Trening 2";"Bench Press (Dumbbell)";2;22,5;kg;10;;;;0;;;1h 23m
2018-07-22 11:00:18;"Trening 2";"Bench Press (Dumbbell)";3;22,5;kg;8;;;;0;;;1h 23m
2018-07-22 11:00:18;"Trening 2";"Bicep Curl (Dumbbell)";1;10;kg;12;;;;0;"";;1h 23m
2018-07-22 11:00:18;"Trening 2";"Bicep Curl (Dumbbell)";2;10;kg;12;;;;0;;;1h 23m
2018-07-22 11:00:18;"Trening 2";"Bicep Curl (Dumbbell)";3;10;kg;10;;;;0;;;1h 23m
2018-07-22 11:00:18;"Trening 2";"Plank";1;;;;;;km;60;"";;1h 23m
2018-07-22 11:00:18;"Trening 2";"Plank";2;;;;;;km;60;;;1h 23m
2018-07-22 11:00:18;"Trening 2";"Plank";3;;;;;;km;60;;;1h 23m
2018-07-22 11:00:18;"Trening 2";"Ab Wheel";1;0;kg;6;;;;0;"";;1h 23m
2018-07-22 11:00:18;"Trening 2";"Ab Wheel";2;0;kg;10;;;;0;;;1h 23m
2018-07-24 10:01:25;"Trening 1";"Bench Press (Barbell)";1;72,5;kg;4;;;;0;"";"";1h 34m
2018-07-24 10:01:25;"Trening 1";"Bench Press (Barbell)";2;70;kg;5;;;;0;;;1h 34m
2018-07-24 10:01:25;"Trening 1";"Bench Press (Barbell)";3;65;kg;7;;;;0;;;1h 34m
2018-07-24 10:01:25;"Trening 1";"Bench Press (Barbell)";4;60;kg;8;;;;0;;;1h 34m
2018-07-24 10:01:25;"Trening 1";"Overhead Press (Barbell)";1;45;kg;5;;;;0;"";;1h 34m
2018-07-24 10:01:25;"Trening 1";"Overhead Press (Barbell)";2;40;kg;6;;;;0;;;1h 34m
2018-07-24 10:01:25;"Trening 1";"Overhead Press (Barbell)";3;35;kg;8;;;;0;;;1h 34m
2018-07-24 10:01:25;"Trening 1";"Overhead Press (Barbell)";4;30;kg;8;;;;0;;;1h 34m
2018-07-24 10:01:25;"Trening 1";"Squat (Barbell)";1;50;kg;5;;;;0;"";;1h 34m
2018-07-24 10:01:25;"Trening 1";"Squat (Barbell)";2;50;kg;6;;;;0;;;1h 34m
2018-07-24 10:01:25;"Trening 1";"Squat (Barbell)";3;45;kg;8;;;;0;;;1h 34m
2018-07-24 10:01:25;"Trening 1";"Squat (Barbell)";4;45;kg;8;;;;0;;;1h 34m
2018-07-24 10:01:25;"Trening 1";"Front Raise (Dumbbell)";1;10;kg;9;;;;0;"";;1h 34m
2018-07-24 10:01:25;"Trening 1";"Front Raise (Dumbbell)";2;10;kg;8;;;;0;;;1h 34m
2018-07-24 10:01:25;"Trening 1";"Triceps Dip";1;10;kg;12;;;;0;"";;1h 34m
2018-07-24 10:01:25;"Trening 1";"Triceps Dip";2;10;kg;12;;;;0;;;1h 34m
2018-07-24 10:01:25;"Trening 1";"Triceps Dip";3;10;kg;12;;;;0;;;1h 34m
2018-07-24 10:01:25;"Trening 1";"Plank";1;;;;;;km;60;"";;1h 34m
2018-07-24 10:01:25;"Trening 1";"Plank";2;;;;;;km;60;;;1h 34m
2018-07-24 10:01:25;"Trening 1";"Plank";3;;;;;;km;60;;;1h 34m
2018-07-24 10:01:25;"Trening 1";"Hanging Knee Raise";1;;;15;;;;0;"";;1h 34m
2018-07-24 10:01:25;"Trening 1";"Hanging Knee Raise";2;;;14;;;;0;;;1h 34m
2018-07-24 10:01:25;"Trening 1";"Hanging Knee Raise";3;;;12;;;;0;;;1h 34m
2018-07-28 10:53:33;"Trening 2";"Deadlift (Barbell)";1;70;kg;5;;;;0;"";"";2h 6m
2018-07-28 10:53:33;"Trening 2";"Deadlift (Barbell)";2;65;kg;6;;;;0;;;2h 6m
2018-07-28 10:53:33;"Trening 2";"Deadlift (Barbell)";3;60;kg;8;;;;0;;;2h 6m
2018-07-28 10:53:33;"Trening 2";"Deadlift (Barbell)";4;55;kg;8;;;;0;;;2h 6m
2018-07-28 10:53:33;"Trening 2";"Bent Over Row (Barbell)";1;50;kg;5;;;;0;"";;2h 6m
2018-07-28 10:53:33;"Trening 2";"Bent Over Row (Barbell)";2;45;kg;6;;;;0;;;2h 6m
2018-07-28 10:53:33;"Trening 2";"Bent Over Row (Barbell)";3;40;kg;8;;;;0;;;2h 6m
2018-07-28 10:53:33;"Trening 2";"Bent Over Row (Barbell)";4;40;kg;8;;;;0;;;2h 6m
2018-07-28 10:53:33;"Trening 2";"Pull Up";1;0;kg;8;;;;0;"";;2h 6m
2018-07-28 10:53:33;"Trening 2";"Pull Up";2;0;kg;8;;;;0;;;2h 6m
2018-07-28 10:53:33;"Trening 2";"Pull Up";3;0;kg;8;;;;0;;;2h 6m
2018-07-28 10:53:33;"Trening 2";"Pull Up";4;0;kg;7;;;;0;;;2h 6m
2018-07-28 10:53:33;"Trening 2";"Bench Press (Dumbbell)";1;22,5;kg;10;;;;0;"";;2h 6m
2018-07-28 10:53:33;"Trening 2";"Bench Press (Dumbbell)";2;22,5;kg;10;;;;0;;;2h 6m
2018-07-28 10:53:33;"Trening 2";"Bench Press (Dumbbell)";3;22,5;kg;9;;;;0;;;2h 6m
2018-07-28 10:53:33;"Trening 2";"Bicep Curl (Dumbbell)";1;10;kg;12;;;;0;"";;2h 6m
2018-07-28 10:53:33;"Trening 2";"Bicep Curl (Dumbbell)";2;10;kg;12;;;;0;;;2h 6m
2018-07-28 10:53:33;"Trening 2";"Bicep Curl (Dumbbell)";3;10;kg;12;;;;0;;;2h 6m
2018-07-28 10:53:33;"Trening 2";"Plank";1;;;;;;km;7;"";;2h 6m
2018-07-28 10:53:33;"Trening 2";"Plank";2;;;;;;km;60;;;2h 6m
2018-07-28 10:53:33;"Trening 2";"Plank";3;;;;;;km;60;;;2h 6m
2018-07-28 10:53:33;"Trening 2";"Cable Crunch";1;40;kg;12;;;;0;"";;2h 6m
2018-07-28 10:53:33;"Trening 2";"Cable Crunch";2;40;kg;12;;;;0;;;2h 6m
2018-07-28 10:53:33;"Trening 2";"Cable Crunch";3;40;kg;12;;;;0;;;2h 6m
2018-07-31 14:00:17;"Trening 1";"Bench Press (Barbell)";1;72,5;kg;5;;;;0;"";"";1h 32m
2018-07-31 14:00:17;"Trening 1";"Bench Press (Barbell)";2;70;kg;6;;;;0;;;1h 32m
2018-07-31 14:00:17;"Trening 1";"Bench Press (Barbell)";3;65;kg;8;;;;0;;;1h 32m
2018-07-31 14:00:17;"Trening 1";"Bench Press (Barbell)";4;60;kg;8;;;;0;;;1h 32m
2018-07-31 14:00:17;"Trening 1";"Overhead Press (Barbell)";1;45;kg;5;;;;0;"";;1h 32m
2018-07-31 14:00:17;"Trening 1";"Overhead Press (Barbell)";2;42,5;kg;6;;;;0;;;1h 32m
2018-07-31 14:00:17;"Trening 1";"Overhead Press (Barbell)";3;40;kg;6;;;;0;;;1h 32m
2018-07-31 14:00:17;"Trening 1";"Overhead Press (Barbell)";4;35;kg;8;;;;0;;;1h 32m
2018-07-31 14:00:17;"Trening 1";"Squat (Barbell)";1;55;kg;5;;;;0;"";;1h 32m
2018-07-31 14:00:17;"Trening 1";"Squat (Barbell)";2;50;kg;6;;;;0;;;1h 32m
2018-07-31 14:00:17;"Trening 1";"Squat (Barbell)";3;47,5;kg;8;;;;0;;;1h 32m
2018-07-31 14:00:17;"Trening 1";"Squat (Barbell)";4;45;kg;8;;;;0;;;1h 32m
2018-07-31 14:00:17;"Trening 1";"Front Raise (Dumbbell)";1;10;kg;10;;;;0;"";;1h 32m
2018-07-31 14:00:17;"Trening 1";"Front Raise (Dumbbell)";2;10;kg;9;;;;0;;;1h 32m
2018-07-31 14:00:17;"Trening 1";"Triceps Dip";1;12;kg;12;;;;0;"";;1h 32m
2018-07-31 14:00:17;"Trening 1";"Triceps Dip";2;12;kg;12;;;;0;;;1h 32m
2018-07-31 14:00:17;"Trening 1";"Triceps Dip";3;12;kg;12;;;;0;;;1h 32m
2018-07-31 14:00:17;"Trening 1";"Plank";1;;;;;;km;60;"";;1h 32m
2018-07-31 14:00:17;"Trening 1";"Plank";2;;;;;;km;60;;;1h 32m
2018-07-31 14:00:17;"Trening 1";"Plank";3;;;;;;km;60;;;1h 32m
2018-07-31 14:00:17;"Trening 1";"Hanging Knee Raise";1;;;15;;;;0;"";;1h 32m
2018-07-31 14:00:17;"Trening 1";"Hanging Knee Raise";2;;;12;;;;0;;;1h 32m
2018-07-31 14:00:17;"Trening 1";"Hanging Knee Raise";3;;;15;;;;0;;;1h 32m
2018-08-02 10:21:50;"Trening 2";"Deadlift (Barbell)";1;75;kg;5;;;;0;"";"";1h 28m
2018-08-02 10:21:50;"Trening 2";"Deadlift (Barbell)";2;70;kg;6;;;;0;;;1h 28m
2018-08-02 10:21:50;"Trening 2";"Deadlift (Barbell)";3;65;kg;8;;;;0;;;1h 28m
2018-08-02 10:21:50;"Trening 2";"Deadlift (Barbell)";4;60;kg;8;;;;0;;;1h 28m
2018-08-02 10:21:50;"Trening 2";"Bent Over Row (Barbell)";1;52,5;kg;5;;;;0;"";;1h 28m
2018-08-02 10:21:50;"Trening 2";"Bent Over Row (Barbell)";2;47,5;kg;6;;;;0;;;1h 28m
2018-08-02 10:21:50;"Trening 2";"Bent Over Row (Barbell)";3;42,5;kg;8;;;;0;;;1h 28m
2018-08-02 10:21:50;"Trening 2";"Bent Over Row (Barbell)";4;40;kg;8;;;;0;;;1h 28m
2018-08-02 10:21:50;"Trening 2";"Pull Up";1;0;kg;8;;;;0;"";;1h 28m
2018-08-02 10:21:50;"Trening 2";"Pull Up";2;0;kg;8;;;;0;;;1h 28m
2018-08-02 10:21:50;"Trening 2";"Pull Up";3;0;kg;8;;;;0;;;1h 28m
2018-08-02 10:21:50;"Trening 2";"Pull Up";4;0;kg;5;;;;0;;;1h 28m
2018-08-02 10:21:50;"Trening 2";"Bench Press (Dumbbell)";1;22,5;kg;10;;;;0;"";;1h 28m
2018-08-02 10:21:50;"Trening 2";"Bench Press (Dumbbell)";2;22,5;kg;10;;;;0;;;1h 28m
2018-08-02 10:21:50;"Trening 2";"Bench Press (Dumbbell)";3;22,5;kg;10;;;;0;;;1h 28m
2018-08-02 10:21:50;"Trening 2";"Bicep Curl (Dumbbell)";1;10;kg;12;;;;0;"";;1h 28m
2018-08-02 10:21:50;"Trening 2";"Bicep Curl (Dumbbell)";2;10;kg;12;;;;0;;;1h 28m
2018-08-02 10:21:50;"Trening 2";"Bicep Curl (Dumbbell)";3;10;kg;12;;;;0;;;1h 28m
2018-08-02 10:21:50;"Trening 2";"Plank";1;;;;;;km;60;"";;1h 28m
2018-08-02 10:21:50;"Trening 2";"Plank";2;;;;;;km;60;;;1h 28m
2018-08-02 10:21:50;"Trening 2";"Plank";3;;;;;;km;60;;;1h 28m
2018-08-02 10:21:50;"Trening 2";"Cable Crunch";1;20;kg;12;;;;0;"";;1h 28m
2018-08-02 10:21:50;"Trening 2";"Cable Crunch";2;25;kg;12;;;;0;;;1h 28m
2018-08-02 10:21:50;"Trening 2";"Cable Crunch";3;30;kg;12;;;;0;;;1h 28m
2018-08-04 09:40:57;"Trening 1";"Bench Press (Barbell)";1;75;kg;5;;;;0;"";"";1h 47m
2018-08-04 09:40:57;"Trening 1";"Bench Press (Barbell)";2;70;kg;6;;;;0;;;1h 47m
2018-08-04 09:40:57;"Trening 1";"Bench Press (Barbell)";3;65;kg;8;;;;0;;;1h 47m
2018-08-04 09:40:57;"Trening 1";"Bench Press (Barbell)";4;60;kg;8;;;;0;;;1h 47m
2018-08-04 09:40:57;"Trening 1";"Overhead Press (Barbell)";1;45;kg;5;;;;0;"";;1h 47m
2018-08-04 09:40:57;"Trening 1";"Overhead Press (Barbell)";2;42,5;kg;6;;;;0;;;1h 47m
2018-08-04 09:40:57;"Trening 1";"Overhead Press (Barbell)";3;40;kg;8;;;;0;;;1h 47m
2018-08-04 09:40:57;"Trening 1";"Overhead Press (Barbell)";4;37,5;kg;8;;;;0;;;1h 47m
2018-08-04 09:40:57;"Trening 1";"Squat (Barbell)";1;60;kg;5;;;;0;"";;1h 47m
2018-08-04 09:40:57;"Trening 1";"Squat (Barbell)";2;55;kg;6;;;;0;;;1h 47m
2018-08-04 09:40:57;"Trening 1";"Squat (Barbell)";3;50;kg;8;;;;0;;;1h 47m
2018-08-04 09:40:57;"Trening 1";"Squat (Barbell)";4;45;kg;8;;;;0;;;1h 47m
2018-08-04 09:40:57;"Trening 1";"Front Raise (Dumbbell)";1;10;kg;12;;;;0;"";;1h 47m
2018-08-04 09:40:57;"Trening 1";"Front Raise (Dumbbell)";2;10;kg;9;;;;0;;;1h 47m
2018-08-04 09:40:57;"Trening 1";"Triceps Dip";1;16;kg;12;;;;0;"";;1h 47m
2018-08-04 09:40:57;"Trening 1";"Triceps Dip";2;16;kg;12;;;;0;;;1h 47m
2018-08-04 09:40:57;"Trening 1";"Triceps Dip";3;16;kg;11;;;;0;;;1h 47m
2018-08-04 09:40:57;"Trening 1";"Plank";1;;;;;;km;60;"";;1h 47m
2018-08-04 09:40:57;"Trening 1";"Plank";2;;;;;;km;60;;;1h 47m
2018-08-04 09:40:57;"Trening 1";"Plank";3;;;;;;km;60;;;1h 47m
2018-08-04 09:40:57;"Trening 1";"Hanging Knee Raise";1;;;12;;;;0;"";;1h 47m
2018-08-04 09:40:57;"Trening 1";"Hanging Knee Raise";2;;;10;;;;0;;;1h 47m
2018-08-04 09:40:57;"Trening 1";"Hanging Knee Raise";3;;;10;;;;0;;;1h 47m
2018-08-07 11:32:09;"Trening 2";"Deadlift (Barbell)";1;77,5;kg;5;;;;0;"";"";1h 24m
2018-08-07 11:32:09;"Trening 2";"Deadlift (Barbell)";2;72,5;kg;6;;;;0;;;1h 24m
2018-08-07 11:32:09;"Trening 2";"Deadlift (Barbell)";3;67,5;kg;8;;;;0;;;1h 24m
2018-08-07 11:32:09;"Trening 2";"Deadlift (Barbell)";4;62,5;kg;8;;;;0;;;1h 24m
2018-08-07 11:32:09;"Trening 2";"Bent Over Row (Barbell)";1;52,5;kg;5;;;;0;"";;1h 24m
2018-08-07 11:32:09;"Trening 2";"Bent Over Row (Barbell)";2;47,5;kg;6;;;;0;;;1h 24m
2018-08-07 11:32:09;"Trening 2";"Bent Over Row (Barbell)";3;45;kg;8;;;;0;;;1h 24m
2018-08-07 11:32:09;"Trening 2";"Bent Over Row (Barbell)";4;42,5;kg;8;;;;0;;;1h 24m
2018-08-07 11:32:09;"Trening 2";"Pull Up";1;0;kg;8;;;;0;"";;1h 24m
2018-08-07 11:32:09;"Trening 2";"Pull Up";2;0;kg;8;;;;0;;;1h 24m
2018-08-07 11:32:09;"Trening 2";"Pull Up";3;0;kg;8;;;;0;;;1h 24m
2018-08-07 11:32:09;"Trening 2";"Pull Up";4;0;kg;7;;;;0;;;1h 24m
2018-08-07 11:32:09;"Trening 2";"Bench Press (Dumbbell)";1;22,5;kg;11;;;;0;"";;1h 24m
2018-08-07 11:32:09;"Trening 2";"Bench Press (Dumbbell)";2;22,5;kg;11;;;;0;;;1h 24m
2018-08-07 11:32:09;"Trening 2";"Bench Press (Dumbbell)";3;22,5;kg;8;;;;0;;;1h 24m
2018-08-07 11:32:09;"Trening 2";"Bicep Curl (Dumbbell)";1;10;kg;12;;;;0;"";;1h 24m
2018-08-07 11:32:09;"Trening 2";"Bicep Curl (Dumbbell)";2;10;kg;10;;;;0;;;1h 24m
2018-08-07 11:32:09;"Trening 2";"Bicep Curl (Dumbbell)";3;10;kg;10;;;;0;;;1h 24m
2018-08-07 11:32:09;"Trening 2";"Plank";1;;;;;;km;60;"";;1h 24m
2018-08-07 11:32:09;"Trening 2";"Plank";2;;;;;;km;60;;;1h 24m
2018-08-07 11:32:09;"Trening 2";"Plank";3;;;;;;km;60;;;1h 24m
2018-08-07 11:32:09;"Trening 2";"Cable Crunch";1;25;kg;12;;;;0;"";;1h 24m
2018-08-07 11:32:09;"Trening 2";"Cable Crunch";2;25;kg;12;;;;0;;;1h 24m
2018-08-07 11:32:09;"Trening 2";"Cable Crunch";3;30;kg;12;;;;0;;;1h 24m
2018-08-10 18:04:50;"Trening 1";"Bench Press (Barbell)";1;77,5;kg;4;;;;0;"";"";1h 19m
2018-08-10 18:04:50;"Trening 1";"Bench Press (Barbell)";2;72,5;kg;4;;;;0;;;1h 19m
2018-08-10 18:04:50;"Trening 1";"Bench Press (Barbell)";3;67,5;kg;8;;;;0;;;1h 19m
2018-08-10 18:04:50;"Trening 1";"Bench Press (Barbell)";4;62,5;kg;8;;;;0;;;1h 19m
2018-08-10 18:04:50;"Trening 1";"Overhead Press (Barbell)";1;45;kg;5;;;;0;"";;1h 19m
2018-08-10 18:04:50;"Trening 1";"Overhead Press (Barbell)";2;42,5;kg;5;;;;0;;;1h 19m
2018-08-10 18:04:50;"Trening 1";"Overhead Press (Barbell)";3;40;kg;7;;;;0;;;1h 19m
2018-08-10 18:04:50;"Trening 1";"Overhead Press (Barbell)";4;37,5;kg;6;;;;0;;;1h 19m
2018-08-10 18:04:50;"Trening 1";"Squat (Barbell)";1;65;kg;5;;;;0;"";;1h 19m
2018-08-10 18:04:50;"Trening 1";"Squat (Barbell)";2;60;kg;6;;;;0;;;1h 19m
2018-08-10 18:04:50;"Trening 1";"Squat (Barbell)";3;55;kg;8;;;;0;;;1h 19m
2018-08-10 18:04:50;"Trening 1";"Squat (Barbell)";4;50;kg;8;;;;0;;;1h 19m
2018-08-10 18:04:50;"Trening 1";"Front Raise (Dumbbell)";1;10;kg;12;;;;0;"";;1h 19m
2018-08-10 18:04:50;"Trening 1";"Front Raise (Dumbbell)";2;10;kg;12;;;;0;;;1h 19m
2018-08-10 18:04:50;"Trening 1";"Triceps Dip";1;16;kg;12;;;;0;"";;1h 19m
2018-08-10 18:04:50;"Trening 1";"Triceps Dip";2;16;kg;11;;;;0;;;1h 19m
2018-08-10 18:04:50;"Trening 1";"Triceps Dip";3;16;kg;12;;;;0;;;1h 19m
2018-08-10 18:04:50;"Trening 1";"Plank";1;;;;;;km;60;"";;1h 19m
2018-08-10 18:04:50;"Trening 1";"Plank";2;;;;;;km;60;;;1h 19m
2018-08-10 18:04:50;"Trening 1";"Plank";3;;;;;;km;60;;;1h 19m
2018-08-10 18:04:50;"Trening 1";"Hanging Knee Raise";1;;;15;;;;0;"";;1h 19m
2018-08-10 18:04:50;"Trening 1";"Hanging Knee Raise";2;;;15;;;;0;;;1h 19m
2018-08-10 18:04:50;"Trening 1";"Hanging Knee Raise";3;;;15;;;;0;;;1h 19m
2018-08-12 10:04:36;"Trening 2";"Deadlift (Barbell)";1;80;kg;5;;;;0;"";"";1h 14m
2018-08-12 10:04:36;"Trening 2";"Deadlift (Barbell)";2;75;kg;6;;;;0;;;1h 14m
2018-08-12 10:04:36;"Trening 2";"Deadlift (Barbell)";3;70;kg;8;;;;0;;;1h 14m
2018-08-12 10:04:36;"Trening 2";"Deadlift (Barbell)";4;65;kg;8;;;;0;;;1h 14m
2018-08-12 10:04:36;"Trening 2";"Bent Over Row (Barbell)";1;50;kg;5;;;;0;"";;1h 14m
2018-08-12 10:04:36;"Trening 2";"Bent Over Row (Barbell)";2;45;kg;6;;;;0;;;1h 14m
2018-08-12 10:04:36;"Trening 2";"Bent Over Row (Barbell)";3;40;kg;8;;;;0;;;1h 14m
2018-08-12 10:04:36;"Trening 2";"Bent Over Row (Barbell)";4;40;kg;8;;;;0;;;1h 14m
2018-08-12 10:04:36;"Trening 2";"Pull Up";1;0;kg;10;;;;0;"";;1h 14m
2018-08-12 10:04:36;"Trening 2";"Pull Up";2;0;kg;9;;;;0;;;1h 14m
2018-08-12 10:04:36;"Trening 2";"Pull Up";3;0;kg;8;;;;0;;;1h 14m
2018-08-12 10:04:36;"Trening 2";"Pull Up";4;0;kg;7;;;;0;;;1h 14m
2018-08-12 10:04:36;"Trening 2";"Bench Press (Dumbbell)";1;22,5;kg;11;;;;0;"";;1h 14m
2018-08-12 10:04:36;"Trening 2";"Bench Press (Dumbbell)";2;22,5;kg;11;;;;0;;;1h 14m
2018-08-12 10:04:36;"Trening 2";"Bench Press (Dumbbell)";3;22,5;kg;11;;;;0;;;1h 14m
2018-08-12 10:04:36;"Trening 2";"Bicep Curl (Dumbbell)";1;12,5;kg;9;;;;0;"";;1h 14m
2018-08-12 10:04:36;"Trening 2";"Bicep Curl (Dumbbell)";2;12,5;kg;9;;;;0;;;1h 14m
2018-08-12 10:04:36;"Trening 2";"Bicep Curl (Dumbbell)";3;12,5;kg;8;;;;0;;;1h 14m
2018-08-12 10:04:36;"Trening 2";"Plank";1;;;;;;km;60;"";;1h 14m
2018-08-12 10:04:36;"Trening 2";"Plank";2;;;;;;km;60;;;1h 14m
2018-08-12 10:04:36;"Trening 2";"Plank";3;;;;;;km;60;;;1h 14m
2018-08-12 10:04:36;"Trening 2";"Cable Crunch";1;20;kg;12;;;;0;"";;1h 14m
2018-08-12 10:04:36;"Trening 2";"Cable Crunch";2;25;kg;12;;;;0;;;1h 14m
2018-08-12 10:04:36;"Trening 2";"Cable Crunch";3;30;kg;12;;;;0;;;1h 14m
2018-08-14 10:03:08;"Trening 1";"Bench Press (Barbell)";1;77,5;kg;4;;;;0;"pierwsza seria na takie 4.
Ostatnia też 7.5";"";1h 30m
2018-08-14 10:03:08;"Trening 1";"Bench Press (Barbell)";2;72,5;kg;5;;;;0;;;1h 30m
2018-08-14 10:03:08;"Trening 1";"Bench Press (Barbell)";3;67,5;kg;7;;;;0;;;1h 30m
2018-08-14 10:03:08;"Trening 1";"Bench Press (Barbell)";4;62,5;kg;7;;;;0;;;1h 30m
2018-08-14 10:03:08;"Trening 1";"Overhead Press (Barbell)";1;45;kg;5;;;;0;"";;1h 30m
2018-08-14 10:03:08;"Trening 1";"Overhead Press (Barbell)";2;40;kg;6;;;;0;;;1h 30m
2018-08-14 10:03:08;"Trening 1";"Overhead Press (Barbell)";3;35;kg;8;;;;0;;;1h 30m
2018-08-14 10:03:08;"Trening 1";"Overhead Press (Barbell)";4;30;kg;8;;;;0;;;1h 30m
2018-08-14 10:03:08;"Trening 1";"Squat (Barbell)";1;70;kg;5;;;;0;"";;1h 30m
2018-08-14 10:03:08;"Trening 1";"Squat (Barbell)";2;65;kg;6;;;;0;;;1h 30m
2018-08-14 10:03:08;"Trening 1";"Squat (Barbell)";3;60;kg;8;;;;0;;;1h 30m
2018-08-14 10:03:08;"Trening 1";"Squat (Barbell)";4;55;kg;8;;;;0;;;1h 30m
2018-08-14 10:03:08;"Trening 1";"Front Raise (Dumbbell)";1;10;kg;12;;;;0;"";;1h 30m
2018-08-14 10:03:08;"Trening 1";"Front Raise (Dumbbell)";2;10;kg;10;;;;0;;;1h 30m
2018-08-14 10:03:08;"Trening 1";"Triceps Dip";1;20;kg;12;;;;0;"druga seria bez przerw 11, trzecia 7,3,2 i na koniec 4 razy bez kg

1. Cała 2. 9;2;1 3. ";;1h 30m
2018-08-14 10:03:08;"Trening 1";"Triceps Dip";2;20;kg;12;;;;0;;;1h 30m
2018-08-14 10:03:08;"Trening 1";"Triceps Dip";3;20;kg;12;;;;0;;;1h 30m
2018-08-14 10:03:08;"Trening 1";"Plank";1;;;;;;km;60;"";;1h 30m
2018-08-14 10:03:08;"Trening 1";"Plank";2;;;;;;km;60;;;1h 30m
2018-08-14 10:03:08;"Trening 1";"Plank";3;;;;;;km;60;;;1h 30m
2018-08-14 10:03:08;"Trening 1";"Hanging Knee Raise";1;;;13;;;;0;"";;1h 30m
2018-08-14 10:03:08;"Trening 1";"Hanging Knee Raise";2;;;12;;;;0;;;1h 30m
2018-08-14 10:03:08;"Trening 1";"Hanging Knee Raise";3;;;12;;;;0;;;1h 30m
2018-08-16 10:32:55;"Trening 2";"Deadlift (Barbell)";1;80;kg;5;;;;0;"";"";1h 29m
2018-08-16 10:32:55;"Trening 2";"Deadlift (Barbell)";2;75;kg;6;;;;0;;;1h 29m
2018-08-16 10:32:55;"Trening 2";"Deadlift (Barbell)";3;70;kg;8;;;;0;;;1h 29m
2018-08-16 10:32:55;"Trening 2";"Deadlift (Barbell)";4;70;kg;8;;;;0;;;1h 29m
2018-08-16 10:32:55;"Trening 2";"Bent Over Row (Barbell)";1;50;kg;5;;;;0;"";;1h 29m
2018-08-16 10:32:55;"Trening 2";"Bent Over Row (Barbell)";2;45;kg;6;;;;0;;;1h 29m
2018-08-16 10:32:55;"Trening 2";"Bent Over Row (Barbell)";3;40;kg;8;;;;0;;;1h 29m
2018-08-16 10:32:55;"Trening 2";"Bent Over Row (Barbell)";4;40;kg;8;;;;0;;;1h 29m
2018-08-16 10:32:55;"Trening 2";"Pull Up";1;0;kg;8;;;;0;"";;1h 29m
2018-08-16 10:32:55;"Trening 2";"Pull Up";2;0;kg;7;;;;0;;;1h 29m
2018-08-16 10:32:55;"Trening 2";"Pull Up";3;0;kg;6;;;;0;;;1h 29m
2018-08-16 10:32:55;"Trening 2";"Pull Up";4;0;kg;6;;;;0;;;1h 29m
2018-08-16 10:32:55;"Trening 2";"Bench Press (Dumbbell)";1;22,5;kg;11;;;;0;"";;1h 29m
2018-08-16 10:32:55;"Trening 2";"Bench Press (Dumbbell)";2;22,5;kg;11;;;;0;;;1h 29m
2018-08-16 10:32:55;"Trening 2";"Bench Press (Dumbbell)";3;22,5;kg;11;;;;0;;;1h 29m
2018-08-16 10:32:55;"Trening 2";"Bicep Curl (Dumbbell)";1;12,5;kg;10;;;;0;"";;1h 29m
2018-08-16 10:32:55;"Trening 2";"Bicep Curl (Dumbbell)";2;12,5;kg;9;;;;0;;;1h 29m
2018-08-16 10:32:55;"Trening 2";"Bicep Curl (Dumbbell)";3;12,5;kg;9;;;;0;;;1h 29m
2018-08-16 10:32:55;"Trening 2";"Plank";1;;;;;;km;60;"";;1h 29m
2018-08-16 10:32:55;"Trening 2";"Plank";2;;;;;;km;60;;;1h 29m
2018-08-16 10:32:55;"Trening 2";"Plank";3;;;;;;km;60;;;1h 29m
2018-08-16 10:32:55;"Trening 2";"Cable Crunch";1;20;kg;12;;;;0;"";;1h 29m
2018-08-16 10:32:55;"Trening 2";"Cable Crunch";2;25;kg;12;;;;0;;;1h 29m
2018-08-16 10:32:55;"Trening 2";"Cable Crunch";3;30;kg;12;;;;0;;;1h 29m
2018-08-19 10:10:50;"Trening 1";"Bench Press (Barbell)";1;77,5;kg;5;;;;0;"";"";1h 33m
2018-08-19 10:10:50;"Trening 1";"Bench Press (Barbell)";2;72,5;kg;6;;;;0;;;1h 33m
2018-08-19 10:10:50;"Trening 1";"Bench Press (Barbell)";3;67,5;kg;8;;;;0;;;1h 33m
2018-08-19 10:10:50;"Trening 1";"Bench Press (Barbell)";4;60;kg;8;;;;0;;;1h 33m
2018-08-19 10:10:50;"Trening 1";"Overhead Press (Barbell)";1;45;kg;5;;;;0;"zauwazalnie lepsza tecynika fakrycznie czuje barki zwlaszcza przy ostatniej serii a ten sam a nawet mniejesy cirsar 

2. Ostatnia serio ledwo ledwo . Ten sam ciężar rób 

";;1h 33m
2018-08-19 10:10:50;"Trening 1";"Overhead Press (Barbell)";2;40;kg;6;;;;0;;;1h 33m
2018-08-19 10:10:50;"Trening 1";"Overhead Press (Barbell)";3;35;kg;8;;;;0;;;1h 33m
2018-08-19 10:10:50;"Trening 1";"Overhead Press (Barbell)";4;30;kg;8;;;;0;;;1h 33m
2018-08-19 10:10:50;"Trening 1";"Squat (Barbell)";1;70;kg;5;;;;0;"";;1h 33m
2018-08-19 10:10:50;"Trening 1";"Squat (Barbell)";2;65;kg;6;;;;0;;;1h 33m
2018-08-19 10:10:50;"Trening 1";"Squat (Barbell)";3;60;kg;8;;;;0;;;1h 33m
2018-08-19 10:10:50;"Trening 1";"Squat (Barbell)";4;55;kg;8;;;;0;;;1h 33m
2018-08-19 10:10:50;"Trening 1";"Front Raise (Dumbbell)";1;10;kg;12;;;;0;"";;1h 33m
2018-08-19 10:10:50;"Trening 1";"Front Raise (Dumbbell)";2;10;kg;12;;;;0;;;1h 33m
2018-08-19 10:10:50;"Trening 1";"Triceps Dip";1;24;kg;12;;;;0;"";;1h 33m
2018-08-19 10:10:50;"Trening 1";"Triceps Dip";2;24;kg;12;;;;0;;;1h 33m
2018-08-19 10:10:50;"Trening 1";"Triceps Dip";3;24;kg;12;;;;0;;;1h 33m
2018-08-19 10:10:50;"Trening 1";"Plank";1;;;;;;km;60;"";;1h 33m
2018-08-19 10:10:50;"Trening 1";"Plank";2;;;;;;km;60;;;1h 33m
2018-08-19 10:10:50;"Trening 1";"Plank";3;;;;;;km;60;;;1h 33m
2018-08-19 10:10:50;"Trening 1";"Hanging Knee Raise";1;;;15;;;;0;"";;1h 33m
2018-08-19 10:10:50;"Trening 1";"Hanging Knee Raise";2;;;15;;;;0;;;1h 33m
2018-08-19 10:10:50;"Trening 1";"Hanging Knee Raise";3;;;15;;;;0;;;1h 33m
2018-08-21 10:13:03;"Trening 2";"Deadlift (Barbell)";1;85;kg;5;;;;0;"";"";1h 48m
2018-08-21 10:13:03;"Trening 2";"Deadlift (Barbell)";2;80;kg;6;;;;0;;;1h 48m
2018-08-21 10:13:03;"Trening 2";"Deadlift (Barbell)";3;75;kg;8;;;;0;;;1h 48m
2018-08-21 10:13:03;"Trening 2";"Deadlift (Barbell)";4;70;kg;8;;;;0;;;1h 48m
2018-08-21 10:13:03;"Trening 2";"Bent Over Row (Barbell)";1;55;kg;5;;;;0;"";;1h 48m
2018-08-21 10:13:03;"Trening 2";"Bent Over Row (Barbell)";2;50;kg;6;;;;0;;;1h 48m
2018-08-21 10:13:03;"Trening 2";"Bent Over Row (Barbell)";3;45;kg;8;;;;0;;;1h 48m
2018-08-21 10:13:03;"Trening 2";"Bent Over Row (Barbell)";4;40;kg;8;;;;0;;;1h 48m
2018-08-21 10:13:03;"Trening 2";"Pull Up";1;0;kg;8;;;;0;"";;1h 48m
2018-08-21 10:13:03;"Trening 2";"Pull Up";2;0;kg;7;;;;0;;;1h 48m
2018-08-21 10:13:03;"Trening 2";"Pull Up";3;0;kg;6;;;;0;;;1h 48m
2018-08-21 10:13:03;"Trening 2";"Pull Up";4;0;kg;6;;;;0;;;1h 48m
2018-08-21 10:13:03;"Trening 2";"Bench Press (Dumbbell)";1;25;kg;8;;;;0;"";;1h 48m
2018-08-21 10:13:03;"Trening 2";"Bench Press (Dumbbell)";2;25;kg;9;;;;0;;;1h 48m
2018-08-21 10:13:03;"Trening 2";"Bench Press (Dumbbell)";3;25;kg;8;;;;0;;;1h 48m
2018-08-21 10:13:03;"Trening 2";"Bicep Curl (Dumbbell)";1;12,5;kg;10;;;;0;"";;1h 48m
2018-08-21 10:13:03;"Trening 2";"Bicep Curl (Dumbbell)";2;12,5;kg;10;;;;0;;;1h 48m
2018-08-21 10:13:03;"Trening 2";"Bicep Curl (Dumbbell)";3;12,5;kg;8;;;;0;;;1h 48m
2018-08-21 10:13:03;"Trening 2";"Plank";1;;;;;;km;60;"";;1h 48m
2018-08-21 10:13:03;"Trening 2";"Plank";2;;;;;;km;60;;;1h 48m
2018-08-21 10:13:03;"Trening 2";"Plank";3;;;;;;km;60;;;1h 48m
2018-08-21 10:13:03;"Trening 2";"Cable Crunch";1;20;kg;12;;;;0;"";;1h 48m
2018-08-21 10:13:03;"Trening 2";"Cable Crunch";2;25;kg;12;;;;0;;;1h 48m
2018-08-21 10:13:03;"Trening 2";"Cable Crunch";3;30;kg;12;;;;0;;;1h 48m
2018-08-23 10:27:26;"Trening 1";"Bench Press (Barbell)";1;80;kg;4;;;;0;"";"";1h 42m
2018-08-23 10:27:26;"Trening 1";"Bench Press (Barbell)";2;75;kg;5;;;;0;;;1h 42m
2018-08-23 10:27:26;"Trening 1";"Bench Press (Barbell)";3;70;kg;7;;;;0;;;1h 42m
2018-08-23 10:27:26;"Trening 1";"Bench Press (Barbell)";4;65;kg;8;;;;0;;;1h 42m
2018-08-23 10:27:26;"Trening 1";"Overhead Press (Barbell)";1;45;kg;5;;;;0;"";;1h 42m
2018-08-23 10:27:26;"Trening 1";"Overhead Press (Barbell)";2;42,5;kg;6;;;;0;;;1h 42m
2018-08-23 10:27:26;"Trening 1";"Overhead Press (Barbell)";3;40;kg;8;;;;0;;;1h 42m
2018-08-23 10:27:26;"Trening 1";"Overhead Press (Barbell)";4;35;kg;8;;;;0;;;1h 42m
2018-08-23 10:27:26;"Trening 1";"Squat (Barbell)";1;75;kg;5;;;;0;"";;1h 42m
2018-08-23 10:27:26;"Trening 1";"Squat (Barbell)";2;70;kg;6;;;;0;;;1h 42m
2018-08-23 10:27:26;"Trening 1";"Squat (Barbell)";3;65;kg;8;;;;0;;;1h 42m
2018-08-23 10:27:26;"Trening 1";"Squat (Barbell)";4;60;kg;8;;;;0;;;1h 42m
2018-08-23 10:27:26;"Trening 1";"Front Raise (Dumbbell)";1;10;kg;12;;;;0;"";;1h 42m
2018-08-23 10:27:26;"Trening 1";"Front Raise (Dumbbell)";2;10;kg;12;;;;0;;;1h 42m
2018-08-23 10:27:26;"Trening 1";"Triceps Dip";1;32;kg;12;;;;0;"23.08: 1. 7/3/2 2. ";;1h 42m
2018-08-23 10:27:26;"Trening 1";"Triceps Dip";2;32;kg;9;;;;0;;;1h 42m
2018-08-23 10:27:26;"Trening 1";"Triceps Dip";3;32;kg;9;;;;0;;;1h 42m
2018-08-23 10:27:26;"Trening 1";"Plank";1;;;;;;km;60;"";;1h 42m
2018-08-23 10:27:26;"Trening 1";"Plank";2;;;;;;km;60;;;1h 42m
2018-08-23 10:27:26;"Trening 1";"Plank";3;;;;;;km;60;;;1h 42m
2018-08-23 10:27:26;"Trening 1";"Hanging Knee Raise";1;;;12;;;;0;"";;1h 42m
2018-08-23 10:27:26;"Trening 1";"Hanging Knee Raise";2;;;12;;;;0;;;1h 42m
2018-08-26 10:03:49;"Trening 2";"Deadlift (Barbell)";1;87,5;kg;5;;;;0;"";"";2h 8m
2018-08-26 10:03:49;"Trening 2";"Deadlift (Barbell)";2;82,5;kg;6;;;;0;;;2h 8m
2018-08-26 10:03:49;"Trening 2";"Deadlift (Barbell)";3;77,5;kg;8;;;;0;;;2h 8m
2018-08-26 10:03:49;"Trening 2";"Deadlift (Barbell)";4;75;kg;8;;;;0;;;2h 8m
2018-08-26 10:03:49;"Trening 2";"Bent Over Row (Barbell)";1;52,5;kg;5;;;;0;"";;2h 8m
2018-08-26 10:03:49;"Trening 2";"Bent Over Row (Barbell)";2;50;kg;6;;;;0;;;2h 8m
2018-08-26 10:03:49;"Trening 2";"Bent Over Row (Barbell)";3;45;kg;8;;;;0;;;2h 8m
2018-08-26 10:03:49;"Trening 2";"Bent Over Row (Barbell)";4;40;kg;8;;;;0;;;2h 8m
2018-08-26 10:03:49;"Trening 2";"Pull Up";1;0;kg;9;;;;0;"";;2h 8m
2018-08-26 10:03:49;"Trening 2";"Pull Up";2;0;kg;8;;;;0;;;2h 8m
2018-08-26 10:03:49;"Trening 2";"Pull Up";3;0;kg;6;;;;0;;;2h 8m
2018-08-26 10:03:49;"Trening 2";"Pull Up";4;0;kg;7;;;;0;;;2h 8m
2018-08-26 10:03:49;"Trening 2";"Bench Press (Dumbbell)";1;25;kg;10;;;;0;"";;2h 8m
2018-08-26 10:03:49;"Trening 2";"Bench Press (Dumbbell)";2;25;kg;10;;;;0;;;2h 8m
2018-08-26 10:03:49;"Trening 2";"Bench Press (Dumbbell)";3;25;kg;10;;;;0;;;2h 8m
2018-08-26 10:03:49;"Trening 2";"Bicep Curl (Dumbbell)";1;12,5;kg;12;;;;0;"";;2h 8m
2018-08-26 10:03:49;"Trening 2";"Bicep Curl (Dumbbell)";2;12,5;kg;10;;;;0;;;2h 8m
2018-08-26 10:03:49;"Trening 2";"Bicep Curl (Dumbbell)";3;12,5;kg;10;;;;0;;;2h 8m
2018-08-26 10:03:49;"Trening 2";"Plank";1;;;;;;km;60;"";;2h 8m
2018-08-26 10:03:49;"Trening 2";"Plank";2;;;;;;km;60;;;2h 8m
2018-08-26 10:03:49;"Trening 2";"Plank";3;;;;;;km;60;;;2h 8m
2018-08-26 10:03:49;"Trening 2";"Cable Crunch";1;20;kg;12;;;;0;"";;2h 8m
2018-08-26 10:03:49;"Trening 2";"Cable Crunch";2;25;kg;12;;;;0;;;2h 8m
2018-08-26 10:03:49;"Trening 2";"Cable Crunch";3;30;kg;12;;;;0;;;2h 8m
2018-08-26 10:03:49;"Trening 2";"Running";1;;;;;3;km;900;"";;2h 8m
2018-08-28 09:51:29;"Trening 1";"Bench Press (Barbell)";1;82,5;kg;5;;;;0;"28/08 1. Dwa pełne 2. Trzy pełne 3. Sześć pełnych . 4. Sześć (pełne = sam zupelnie bez pomocy)";"";2h 9m
2018-08-28 09:51:29;"Trening 1";"Bench Press (Barbell)";2;77,5;kg;6;;;;0;;;2h 9m
2018-08-28 09:51:29;"Trening 1";"Bench Press (Barbell)";3;72,5;kg;8;;;;0;;;2h 9m
2018-08-28 09:51:29;"Trening 1";"Bench Press (Barbell)";4;70;kg;8;;;;0;;;2h 9m
2018-08-28 09:51:29;"Trening 1";"Overhead Press (Barbell)";1;50;kg;4;;;;0;"";;2h 9m
2018-08-28 09:51:29;"Trening 1";"Overhead Press (Barbell)";2;45;kg;6;;;;0;;;2h 9m
2018-08-28 09:51:29;"Trening 1";"Overhead Press (Barbell)";3;40;kg;8;;;;0;;;2h 9m
2018-08-28 09:51:29;"Trening 1";"Overhead Press (Barbell)";4;35;kg;8;;;;0;;;2h 9m
2018-08-28 09:51:29;"Trening 1";"Squat (Barbell)";1;75;kg;5;;;;0;"";;2h 9m
2018-08-28 09:51:29;"Trening 1";"Squat (Barbell)";2;70;kg;6;;;;0;;;2h 9m
2018-08-28 09:51:29;"Trening 1";"Squat (Barbell)";3;65;kg;8;;;;0;;;2h 9m
2018-08-28 09:51:29;"Trening 1";"Squat (Barbell)";4;60;kg;8;;;;0;;;2h 9m
2018-08-28 09:51:29;"Trening 1";"Front Raise (Dumbbell)";1;10;kg;12;;;;0;"pierwsza srria do ujebanie ale teraz technika, proste rece i jak najmniej machania tulowiem";;2h 9m
2018-08-28 09:51:29;"Trening 1";"Front Raise (Dumbbell)";2;10;kg;12;;;;0;;;2h 9m
2018-08-28 09:51:29;"Trening 1";"Triceps Dip";1;32;kg;12;;;;0;"28/08 1. 8/2/1/1 2. 5/2/11 3. ";;2h 9m
2018-08-28 09:51:29;"Trening 1";"Triceps Dip";2;32;kg;9;;;;0;;;2h 9m
2018-08-28 09:51:29;"Trening 1";"Triceps Dip";3;32;kg;9;;;;0;;;2h 9m
2018-08-28 09:51:29;"Trening 1";"Plank";1;;;;;;km;60;"";;2h 9m
2018-08-28 09:51:29;"Trening 1";"Plank";2;;;;;;km;60;;;2h 9m
2018-08-28 09:51:29;"Trening 1";"Plank";3;;;;;;km;60;;;2h 9m
2018-08-28 09:51:29;"Trening 1";"Hanging Knee Raise";1;;;13;;;;0;"";;2h 9m
2018-08-28 09:51:29;"Trening 1";"Hanging Knee Raise";2;;;13;;;;0;;;2h 9m
2018-08-28 09:51:29;"Trening 1";"Hanging Knee Raise";3;;;10;;;;0;;;2h 9m
2018-08-30 10:12:25;"Trening 2";"Deadlift (Barbell)";1;90;kg;5;;;;0;"";"";1h 44m
2018-08-30 10:12:25;"Trening 2";"Deadlift (Barbell)";2;85;kg;6;;;;0;;;1h 44m
2018-08-30 10:12:25;"Trening 2";"Deadlift (Barbell)";3;80;kg;8;;;;0;;;1h 44m
2018-08-30 10:12:25;"Trening 2";"Deadlift (Barbell)";4;75;kg;8;;;;0;;;1h 44m
2018-08-30 10:12:25;"Trening 2";"Bent Over Row (Barbell)";1;55;kg;5;;;;0;"30.08 55kg ";;1h 44m
2018-08-30 10:12:25;"Trening 2";"Bent Over Row (Barbell)";2;50;kg;6;;;;0;;;1h 44m
2018-08-30 10:12:25;"Trening 2";"Bent Over Row (Barbell)";3;45;kg;8;;;;0;;;1h 44m
2018-08-30 10:12:25;"Trening 2";"Bent Over Row (Barbell)";4;40;kg;8;;;;0;;;1h 44m
2018-08-30 10:12:25;"Trening 2";"Pull Up";1;0;kg;10;;;;0;"";;1h 44m
2018-08-30 10:12:25;"Trening 2";"Pull Up";2;0;kg;8;;;;0;;;1h 44m
2018-08-30 10:12:25;"Trening 2";"Pull Up";3;0;kg;6;;;;0;;;1h 44m
2018-08-30 10:12:25;"Trening 2";"Pull Up";4;0;kg;6;;;;0;;;1h 44m
2018-08-30 10:12:25;"Trening 2";"Bench Press (Dumbbell)";1;25;kg;10;;;;0;"";;1h 44m
2018-08-30 10:12:25;"Trening 2";"Bench Press (Dumbbell)";2;25;kg;10;;;;0;;;1h 44m
2018-08-30 10:12:25;"Trening 2";"Bench Press (Dumbbell)";3;25;kg;11;;;;0;;;1h 44m
2018-08-30 10:12:25;"Trening 2";"Bicep Curl (Dumbbell)";1;12,5;kg;12;;;;0;"";;1h 44m
2018-08-30 10:12:25;"Trening 2";"Bicep Curl (Dumbbell)";2;12,5;kg;10;;;;0;;;1h 44m
2018-08-30 10:12:25;"Trening 2";"Bicep Curl (Dumbbell)";3;12,5;kg;10;;;;0;;;1h 44m
2018-08-30 10:12:25;"Trening 2";"Plank";1;;;;;;km;60;"";;1h 44m
2018-08-30 10:12:25;"Trening 2";"Plank";2;;;;;;km;60;;;1h 44m
2018-08-30 10:12:25;"Trening 2";"Plank";3;;;;;;km;60;;;1h 44m
2018-08-30 10:12:25;"Trening 2";"Cable Crunch";1;20;kg;12;;;;0;"";;1h 44m
2018-08-30 10:12:25;"Trening 2";"Cable Crunch";2;25;kg;12;;;;0;;;1h 44m
2018-08-30 10:12:25;"Trening 2";"Cable Crunch";3;30;kg;12;;;;0;;;1h 44m
2018-09-02 09:58:08;"Trening 1";"Bench Press (Barbell)";1;82,5;kg;5;;;;0;"02/09
3 pełne 
Full
Full
Full
";"";2h 2m
2018-09-02 09:58:08;"Trening 1";"Bench Press (Barbell)";2;72,5;kg;6;;;;0;;;2h 2m
2018-09-02 09:58:08;"Trening 1";"Bench Press (Barbell)";3;72,5;kg;8;;;;0;;;2h 2m
2018-09-02 09:58:08;"Trening 1";"Bench Press (Barbell)";4;70;kg;8;;;;0;;;2h 2m
2018-09-02 09:58:08;"Trening 1";"Overhead Press (Barbell)";1;50;kg;5;;;;0;"";;2h 2m
2018-09-02 09:58:08;"Trening 1";"Overhead Press (Barbell)";2;45;kg;6;;;;0;;;2h 2m
2018-09-02 09:58:08;"Trening 1";"Overhead Press (Barbell)";3;42,5;kg;8;;;;0;;;2h 2m
2018-09-02 09:58:08;"Trening 1";"Overhead Press (Barbell)";4;40;kg;8;;;;0;;;2h 2m
2018-09-02 09:58:08;"Trening 1";"Squat (Barbell)";1;77,5;kg;5;;;;0;"";;2h 2m
2018-09-02 09:58:08;"Trening 1";"Squat (Barbell)";2;72,5;kg;6;;;;0;;;2h 2m
2018-09-02 09:58:08;"Trening 1";"Squat (Barbell)";3;67,5;kg;8;;;;0;;;2h 2m
2018-09-02 09:58:08;"Trening 1";"Squat (Barbell)";4;62,5;kg;8;;;;0;;;2h 2m
2018-09-02 09:58:08;"Trening 1";"Front Raise (Dumbbell)";1;10;kg;12;;;;0;"";;2h 2m
2018-09-02 09:58:08;"Trening 1";"Front Raise (Dumbbell)";2;10;kg;12;;;;0;;;2h 2m
2018-09-02 09:58:08;"Trening 1";"Triceps Dip";1;32;kg;12;;;;0;"12
11 - 11.5

";;2h 2m
2018-09-02 09:58:08;"Trening 1";"Triceps Dip";2;32;kg;11;;;;0;;;2h 2m
2018-09-02 09:58:08;"Trening 1";"Triceps Dip";3;32;kg;11;;;;0;;;2h 2m
2018-09-02 09:58:08;"Trening 1";"Plank";1;;;;;;km;60;"";;2h 2m
2018-09-02 09:58:08;"Trening 1";"Plank";2;;;;;;km;60;;;2h 2m
2018-09-02 09:58:08;"Trening 1";"Plank";3;;;;;;km;60;;;2h 2m
2018-09-02 09:58:08;"Trening 1";"Hanging Knee Raise";1;;;15;;;;0;"";;2h 2m
2018-09-02 09:58:08;"Trening 1";"Hanging Knee Raise";2;;;15;;;;0;;;2h 2m
2018-09-02 09:58:08;"Trening 1";"Hanging Knee Raise";3;;;15;;;;0;;;2h 2m
2018-09-04 09:43:15;"Trening 2";"Deadlift (Barbell)";1;92,5;kg;5;;;;0;"";"";2h 3m
2018-09-04 09:43:15;"Trening 2";"Deadlift (Barbell)";2;87,5;kg;6;;;;0;;;2h 3m
2018-09-04 09:43:15;"Trening 2";"Deadlift (Barbell)";3;82,5;kg;8;;;;0;;;2h 3m
2018-09-04 09:43:15;"Trening 2";"Deadlift (Barbell)";4;80;kg;8;;;;0;;;2h 3m
2018-09-04 09:43:15;"Trening 2";"Bent Over Row (Barbell)";1;57,5;kg;5;;;;0;"";;2h 3m
2018-09-04 09:43:15;"Trening 2";"Bent Over Row (Barbell)";2;52,5;kg;6;;;;0;;;2h 3m
2018-09-04 09:43:15;"Trening 2";"Bent Over Row (Barbell)";3;47,5;kg;8;;;;0;;;2h 3m
2018-09-04 09:43:15;"Trening 2";"Bent Over Row (Barbell)";4;42,5;kg;8;;;;0;;;2h 3m
2018-09-04 09:43:15;"Trening 2";"Pull Up";1;0;kg;10;;;;0;"";;2h 3m
2018-09-04 09:43:15;"Trening 2";"Pull Up";2;0;kg;9;;;;0;;;2h 3m
2018-09-04 09:43:15;"Trening 2";"Pull Up";3;0;kg;7;;;;0;;;2h 3m
2018-09-04 09:43:15;"Trening 2";"Pull Up";4;0;kg;8;;;;0;;;2h 3m
2018-09-04 09:43:15;"Trening 2";"Bench Press (Dumbbell)";1;27,5;kg;10;;;;0;"";;2h 3m
2018-09-04 09:43:15;"Trening 2";"Bench Press (Dumbbell)";2;27,5;kg;10;;;;0;;;2h 3m
2018-09-04 09:43:15;"Trening 2";"Bench Press (Dumbbell)";3;27,5;kg;9;;;;0;;;2h 3m
2018-09-04 09:43:15;"Trening 2";"Bicep Curl (Dumbbell)";1;12,5;kg;12;;;;0;"";;2h 3m
2018-09-04 09:43:15;"Trening 2";"Bicep Curl (Dumbbell)";2;12,5;kg;12;;;;0;;;2h 3m
2018-09-04 09:43:15;"Trening 2";"Bicep Curl (Dumbbell)";3;12,5;kg;10;;;;0;;;2h 3m
2018-09-04 09:43:15;"Trening 2";"Plank";1;;;;;;km;60;"";;2h 3m
2018-09-04 09:43:15;"Trening 2";"Plank";2;;;;;;km;60;;;2h 3m
2018-09-04 09:43:15;"Trening 2";"Plank";3;;;;;;km;60;;;2h 3m
2018-09-04 09:43:15;"Trening 2";"Cable Crunch";1;25;kg;20;;;;0;"";;2h 3m
2018-09-04 09:43:15;"Trening 2";"Cable Crunch";2;30;kg;20;;;;0;;;2h 3m
2018-09-04 09:43:15;"Trening 2";"Cable Crunch";3;40;kg;11;;;;0;;;2h 3m
2018-09-06 09:36:15;"Trening 1";"Bench Press (Barbell)";1;85;kg;4;;;;0;"";"";1h 44m
2018-09-06 09:36:15;"Trening 1";"Bench Press (Barbell)";2;80;kg;6;;;;0;;;1h 44m
2018-09-06 09:36:15;"Trening 1";"Bench Press (Barbell)";3;75;kg;7;;;;0;;;1h 44m
2018-09-06 09:36:15;"Trening 1";"Bench Press (Barbell)";4;70;kg;7;;;;0;;;1h 44m
2018-09-06 09:36:15;"Trening 1";"Overhead Press (Barbell)";1;52,5;kg;4;;;;0;"";;1h 44m
2018-09-06 09:36:15;"Trening 1";"Overhead Press (Barbell)";2;47,5;kg;5;;;;0;;;1h 44m
2018-09-06 09:36:15;"Trening 1";"Overhead Press (Barbell)";3;42,5;kg;7;;;;0;;;1h 44m
2018-09-06 09:36:15;"Trening 1";"Overhead Press (Barbell)";4;40;kg;8;;;;0;;;1h 44m
2018-09-06 09:36:15;"Trening 1";"Squat (Barbell)";1;80;kg;5;;;;0;"";;1h 44m
2018-09-06 09:36:15;"Trening 1";"Squat (Barbell)";2;75;kg;6;;;;0;;;1h 44m
2018-09-06 09:36:15;"Trening 1";"Squat (Barbell)";3;70;kg;8;;;;0;;;1h 44m
2018-09-06 09:36:15;"Trening 1";"Squat (Barbell)";4;65;kg;8;;;;0;;;1h 44m
2018-09-06 09:36:15;"Trening 1";"Front Raise (Dumbbell)";1;10;kg;12;;;;0;"";;1h 44m
2018-09-06 09:36:15;"Trening 1";"Front Raise (Dumbbell)";2;10;kg;12;;;;0;;;1h 44m
2018-09-06 09:36:15;"Trening 1";"Triceps Dip";1;32;kg;12;;;;0;"1. full
2. 10 + 2
3. ";;1h 44m
2018-09-06 09:36:15;"Trening 1";"Triceps Dip";2;32;kg;12;;;;0;;;1h 44m
2018-09-06 09:36:15;"Trening 1";"Triceps Dip";3;32;kg;12;;;;0;;;1h 44m
2018-09-06 09:36:15;"Trening 1";"Plank";1;;;;;;km;60;"";;1h 44m
2018-09-06 09:36:15;"Trening 1";"Plank";2;;;;;;km;60;;;1h 44m
2018-09-06 09:36:15;"Trening 1";"Plank";3;;;;;;km;60;;;1h 44m
2018-09-06 09:36:15;"Trening 1";"Hanging Knee Raise";1;;;15;;;;0;"";;1h 44m
2018-09-06 09:36:15;"Trening 1";"Hanging Knee Raise";2;;;15;;;;0;;;1h 44m
2018-09-06 09:36:15;"Trening 1";"Hanging Knee Raise";3;;;15;;;;0;;;1h 44m
2018-09-09 09:49:20;"Trening 2";"Deadlift (Barbell)";1;95;kg;5;;;;0;"";"";2h 22m
2018-09-09 09:49:20;"Trening 2";"Deadlift (Barbell)";2;90;kg;6;;;;0;;;2h 22m
2018-09-09 09:49:20;"Trening 2";"Deadlift (Barbell)";3;85;kg;8;;;;0;;;2h 22m
2018-09-09 09:49:20;"Trening 2";"Deadlift (Barbell)";4;80;kg;8;;;;0;;;2h 22m
2018-09-09 09:49:20;"Trening 2";"Bent Over Row (Barbell)";1;60;kg;5;;;;0;"";;2h 22m
2018-09-09 09:49:20;"Trening 2";"Bent Over Row (Barbell)";2;55;kg;6;;;;0;;;2h 22m
2018-09-09 09:49:20;"Trening 2";"Bent Over Row (Barbell)";3;50;kg;8;;;;0;;;2h 22m
2018-09-09 09:49:20;"Trening 2";"Bent Over Row (Barbell)";4;45;kg;8;;;;0;;;2h 22m
2018-09-09 09:49:20;"Trening 2";"Pull Up";1;0;kg;10;;;;0;"";;2h 22m
2018-09-09 09:49:20;"Trening 2";"Pull Up";2;0;kg;9;;;;0;;;2h 22m
2018-09-09 09:49:20;"Trening 2";"Pull Up";3;0;kg;7;;;;0;;;2h 22m
2018-09-09 09:49:20;"Trening 2";"Pull Up";4;0;kg;10;;;;0;;;2h 22m
2018-09-09 09:49:20;"Trening 2";"Bench Press (Dumbbell)";1;30;kg;10;;;;0;"";;2h 22m
2018-09-09 09:49:20;"Trening 2";"Bench Press (Dumbbell)";2;30;kg;9;;;;0;;;2h 22m
2018-09-09 09:49:20;"Trening 2";"Bench Press (Dumbbell)";3;30;kg;7;;;;0;;;2h 22m
2018-09-09 09:49:20;"Trening 2";"Bicep Curl (Dumbbell)";1;12,5;kg;12;;;;0;"";;2h 22m
2018-09-09 09:49:20;"Trening 2";"Bicep Curl (Dumbbell)";2;12,5;kg;10;;;;0;;;2h 22m
2018-09-09 09:49:20;"Trening 2";"Bicep Curl (Dumbbell)";3;12,5;kg;8;;;;0;;;2h 22m
2018-09-09 09:49:20;"Trening 2";"Plank";1;;;;;;km;60;"";;2h 22m
2018-09-09 09:49:20;"Trening 2";"Plank";2;;;;;;km;60;;;2h 22m
2018-09-09 09:49:20;"Trening 2";"Plank";3;;;;;;km;60;;;2h 22m
2018-09-09 09:49:20;"Trening 2";"Cable Crunch";1;25;kg;20;;;;0;"";;2h 22m
2018-09-09 09:49:20;"Trening 2";"Cable Crunch";2;30;kg;20;;;;0;;;2h 22m
2018-09-09 09:49:20;"Trening 2";"Cable Crunch";3;35;kg;20;;;;0;;;2h 22m
2018-09-11 09:42:02;"Trening 1";"Bench Press (Barbell)";1;82,5;kg;3;;;;0;"";"";1h 43m
2018-09-11 09:42:02;"Trening 1";"Bench Press (Barbell)";2;77,5;kg;4;;;;0;;;1h 43m
2018-09-11 09:42:02;"Trening 1";"Bench Press (Barbell)";3;72,5;kg;6;;;;0;;;1h 43m
2018-09-11 09:42:02;"Trening 1";"Bench Press (Barbell)";4;67,5;kg;8;;;;0;;;1h 43m
2018-09-11 09:42:02;"Trening 1";"Overhead Press (Barbell)";1;52,5;kg;5;;;;0;"";;1h 43m
2018-09-11 09:42:02;"Trening 1";"Overhead Press (Barbell)";2;47,5;kg;6;;;;0;;;1h 43m
2018-09-11 09:42:02;"Trening 1";"Overhead Press (Barbell)";3;42,5;kg;8;;;;0;;;1h 43m
2018-09-11 09:42:02;"Trening 1";"Overhead Press (Barbell)";4;40;kg;8;;;;0;;;1h 43m
2018-09-11 09:42:02;"Trening 1";"Squat (Barbell)";1;80;kg;5;;;;0;"";;1h 43m
2018-09-11 09:42:02;"Trening 1";"Squat (Barbell)";2;75;kg;6;;;;0;;;1h 43m
2018-09-11 09:42:02;"Trening 1";"Squat (Barbell)";3;70;kg;8;;;;0;;;1h 43m
2018-09-11 09:42:02;"Trening 1";"Squat (Barbell)";4;65;kg;8;;;;0;;;1h 43m
2018-09-11 09:42:02;"Trening 1";"Front Raise (Dumbbell)";1;10;kg;12;;;;0;"";;1h 43m
2018-09-11 09:42:02;"Trening 1";"Front Raise (Dumbbell)";2;10;kg;12;;;;0;;;1h 43m
2018-09-11 09:42:02;"Trening 1";"Triceps Dip";1;32;kg;12;;;;0;"";;1h 43m
2018-09-11 09:42:02;"Trening 1";"Triceps Dip";2;32;kg;10;;;;0;;;1h 43m
2018-09-11 09:42:02;"Trening 1";"Triceps Dip";3;32;kg;9;;;;0;;;1h 43m
2018-09-11 09:42:02;"Trening 1";"Plank";1;;;;;;km;60;"";;1h 43m
2018-09-11 09:42:02;"Trening 1";"Plank";2;;;;;;km;60;;;1h 43m
2018-09-11 09:42:02;"Trening 1";"Plank";3;;;;;;km;60;;;1h 43m
2018-09-11 09:42:02;"Trening 1";"Hanging Knee Raise";1;;;16;;;;0;"";;1h 43m
2018-09-11 09:42:02;"Trening 1";"Hanging Knee Raise";2;;;16;;;;0;;;1h 43m
2018-09-11 09:42:02;"Trening 1";"Hanging Knee Raise";3;;;17;;;;0;;;1h 43m
2018-09-14 09:47:04;"Trening 2";"Deadlift (Barbell)";1;95;kg;5;;;;0;"";"";1h 39m
2018-09-14 09:47:04;"Trening 2";"Deadlift (Barbell)";2;90;kg;6;;;;0;;;1h 39m
2018-09-14 09:47:04;"Trening 2";"Deadlift (Barbell)";3;85;kg;8;;;;0;;;1h 39m
2018-09-14 09:47:04;"Trening 2";"Deadlift (Barbell)";4;80;kg;8;;;;0;;;1h 39m
2018-09-14 09:47:04;"Trening 2";"Bent Over Row (Barbell)";1;60;kg;6;;;;0;"";;1h 39m
2018-09-14 09:47:04;"Trening 2";"Bent Over Row (Barbell)";2;55;kg;6;;;;0;;;1h 39m
2018-09-14 09:47:04;"Trening 2";"Bent Over Row (Barbell)";3;50;kg;8;;;;0;;;1h 39m
2018-09-14 09:47:04;"Trening 2";"Bent Over Row (Barbell)";4;45;kg;8;;;;0;;;1h 39m
2018-09-14 09:47:04;"Trening 2";"Pull Up";1;0;kg;10;;;;0;"";;1h 39m
2018-09-14 09:47:04;"Trening 2";"Pull Up";2;0;kg;7;;;;0;;;1h 39m
2018-09-14 09:47:04;"Trening 2";"Pull Up";3;0;kg;8;;;;0;;;1h 39m
2018-09-14 09:47:04;"Trening 2";"Pull Up";4;0;kg;10;;;;0;;;1h 39m
2018-09-14 09:47:04;"Trening 2";"Bench Press (Dumbbell)";1;30;kg;10;;;;0;"";;1h 39m
2018-09-14 09:47:04;"Trening 2";"Bench Press (Dumbbell)";2;30;kg;9;;;;0;;;1h 39m
2018-09-14 09:47:04;"Trening 2";"Bench Press (Dumbbell)";3;30;kg;8;;;;0;;;1h 39m
2018-09-14 09:47:04;"Trening 2";"Bicep Curl (Dumbbell)";1;12,5;kg;12;;;;0;"";;1h 39m
2018-09-14 09:47:04;"Trening 2";"Bicep Curl (Dumbbell)";2;12,5;kg;12;;;;0;;;1h 39m
2018-09-14 09:47:04;"Trening 2";"Bicep Curl (Dumbbell)";3;12,5;kg;8;;;;0;;;1h 39m
2018-09-14 09:47:04;"Trening 2";"Plank";1;;;;;;km;60;"";;1h 39m
2018-09-14 09:47:04;"Trening 2";"Plank";2;;;;;;km;60;;;1h 39m
2018-09-14 09:47:04;"Trening 2";"Plank";3;;;;;;km;60;;;1h 39m
2018-09-14 09:47:04;"Trening 2";"Cable Crunch";1;25;kg;20;;;;0;"";;1h 39m
2018-09-14 09:47:04;"Trening 2";"Cable Crunch";2;30;kg;15;;;;0;;;1h 39m
2018-09-14 09:47:04;"Trening 2";"Cable Crunch";3;35;kg;15;;;;0;;;1h 39m
2018-09-16 09:50:48;"Trening 1";"Bench Press (Barbell)";1;85;kg;4;;;;0;"";"";1h 57m
2018-09-16 09:50:48;"Trening 1";"Bench Press (Barbell)";2;80;kg;5;;;;0;;;1h 57m
2018-09-16 09:50:48;"Trening 1";"Bench Press (Barbell)";3;75;kg;6;;;;0;;;1h 57m
2018-09-16 09:50:48;"Trening 1";"Bench Press (Barbell)";4;70;kg;8;;;;0;;;1h 57m
2018-09-16 09:50:48;"Trening 1";"Overhead Press (Barbell)";1;52,5;kg;2;;;;0;"";;1h 57m
2018-09-16 09:50:48;"Trening 1";"Overhead Press (Barbell)";2;45;kg;6;;;;0;;;1h 57m
2018-09-16 09:50:48;"Trening 1";"Overhead Press (Barbell)";3;40;kg;8;;;;0;;;1h 57m
2018-09-16 09:50:48;"Trening 1";"Overhead Press (Barbell)";4;35;kg;8;;;;0;;;1h 57m
2018-09-16 09:50:48;"Trening 1";"Squat (Barbell)";1;80;kg;5;;;;0;"";;1h 57m
2018-09-16 09:50:48;"Trening 1";"Squat (Barbell)";2;75;kg;6;;;;0;;;1h 57m
2018-09-16 09:50:48;"Trening 1";"Squat (Barbell)";3;70;kg;8;;;;0;;;1h 57m
2018-09-16 09:50:48;"Trening 1";"Squat (Barbell)";4;65;kg;8;;;;0;;;1h 57m
2018-09-16 09:50:48;"Trening 1";"Front Raise (Dumbbell)";1;10;kg;12;;;;0;"";;1h 57m
2018-09-16 09:50:48;"Trening 1";"Front Raise (Dumbbell)";2;10;kg;12;;;;0;;;1h 57m
2018-09-16 09:50:48;"Trening 1";"Triceps Dip";1;32;kg;12;;;;0;"";;1h 57m
2018-09-16 09:50:48;"Trening 1";"Triceps Dip";2;32;kg;10;;;;0;;;1h 57m
2018-09-16 09:50:48;"Trening 1";"Triceps Dip";3;32;kg;10;;;;0;;;1h 57m
2018-09-16 09:50:48;"Trening 1";"Plank";1;;;;;;km;60;"";;1h 57m
2018-09-16 09:50:48;"Trening 1";"Plank";2;;;;;;km;60;;;1h 57m
2018-09-16 09:50:48;"Trening 1";"Plank";3;;;;;;km;60;;;1h 57m
2018-09-16 09:50:48;"Trening 1";"Hanging Knee Raise";1;;;20;;;;0;"";;1h 57m
2018-09-16 09:50:48;"Trening 1";"Hanging Knee Raise";2;;;18;;;;0;;;1h 57m
2018-09-16 09:50:48;"Trening 1";"Hanging Knee Raise";3;;;15;;;;0;;;1h 57m
2018-09-18 09:46:48;"Trening 2";"Deadlift (Barbell)";1;97,5;kg;5;;;;0;"";"";1h 44m
2018-09-18 09:46:48;"Trening 2";"Deadlift (Barbell)";2;92,5;kg;6;;;;0;;;1h 44m
2018-09-18 09:46:48;"Trening 2";"Deadlift (Barbell)";3;87,5;kg;8;;;;0;;;1h 44m
2018-09-18 09:46:48;"Trening 2";"Deadlift (Barbell)";4;82,5;kg;8;;;;0;;;1h 44m
2018-09-18 09:46:48;"Trening 2";"Bent Over Row (Barbell)";1;60;kg;6;;;;0;"";;1h 44m
2018-09-18 09:46:48;"Trening 2";"Bent Over Row (Barbell)";2;55;kg;6;;;;0;;;1h 44m
2018-09-18 09:46:48;"Trening 2";"Bent Over Row (Barbell)";3;50;kg;8;;;;0;;;1h 44m
2018-09-18 09:46:48;"Trening 2";"Bent Over Row (Barbell)";4;50;kg;8;;;;0;;;1h 44m
2018-09-18 09:46:48;"Trening 2";"Pull Up";1;0;kg;10;;;;0;"";;1h 44m
2018-09-18 09:46:48;"Trening 2";"Pull Up";2;0;kg;8;;;;0;;;1h 44m
2018-09-18 09:46:48;"Trening 2";"Pull Up";3;0;kg;7;;;;0;;;1h 44m
2018-09-18 09:46:48;"Trening 2";"Pull Up";4;0;kg;8;;;;0;;;1h 44m
2018-09-18 09:46:48;"Trening 2";"Bench Press (Dumbbell)";1;27,5;kg;9;;;;0;"";;1h 44m
2018-09-18 09:46:48;"Trening 2";"Bench Press (Dumbbell)";2;27,5;kg;7;;;;0;;;1h 44m
2018-09-18 09:46:48;"Trening 2";"Bench Press (Dumbbell)";3;27,5;kg;7;;;;0;;;1h 44m
2018-09-18 09:46:48;"Trening 2";"Bicep Curl (Dumbbell)";1;12,5;kg;10;;;;0;"";;1h 44m
2018-09-18 09:46:48;"Trening 2";"Bicep Curl (Dumbbell)";2;12,5;kg;8;;;;0;;;1h 44m
2018-09-18 09:46:48;"Trening 2";"Bicep Curl (Dumbbell)";3;12,5;kg;9;;;;0;;;1h 44m
2018-09-18 09:46:48;"Trening 2";"Plank";1;;;;;;km;60;"";;1h 44m
2018-09-18 09:46:48;"Trening 2";"Plank";2;;;;;;km;60;;;1h 44m
2018-09-18 09:46:48;"Trening 2";"Plank";3;;;;;;km;60;;;1h 44m
2018-09-18 09:46:48;"Trening 2";"Cable Crunch";1;20;kg;20;;;;0;"";;1h 44m
2018-09-18 09:46:48;"Trening 2";"Cable Crunch";2;25;kg;20;;;;0;;;1h 44m
2018-09-18 09:46:48;"Trening 2";"Cable Crunch";3;30;kg;20;;;;0;;;1h 44m
2018-09-21 09:35:50;"Trening 1";"Bench Press (Barbell)";1;85;kg;5;;;;0;"";"";48h 6m
2018-09-21 09:35:50;"Trening 1";"Bench Press (Barbell)";2;80;kg;6;;;;0;;;48h 6m
2018-09-21 09:35:50;"Trening 1";"Bench Press (Barbell)";3;75;kg;8;;;;0;;;48h 6m
2018-09-21 09:35:50;"Trening 1";"Bench Press (Barbell)";4;70;kg;8;;;;0;;;48h 6m
2018-09-21 09:35:50;"Trening 1";"Overhead Press (Barbell)";1;52,5;kg;4;;;;0;"";;48h 6m
2018-09-21 09:35:50;"Trening 1";"Overhead Press (Barbell)";2;47,5;kg;5;;;;0;;;48h 6m
2018-09-21 09:35:50;"Trening 1";"Overhead Press (Barbell)";3;42,5;kg;7;;;;0;;;48h 6m
2018-09-21 09:35:50;"Trening 1";"Overhead Press (Barbell)";4;40;kg;7;;;;0;;;48h 6m
2018-09-21 09:35:50;"Trening 1";"Squat (Barbell)";1;82,5;kg;5;;;;0;"";;48h 6m
2018-09-21 09:35:50;"Trening 1";"Squat (Barbell)";2;77,5;kg;6;;;;0;;;48h 6m
2018-09-21 09:35:50;"Trening 1";"Squat (Barbell)";3;72,5;kg;8;;;;0;;;48h 6m
2018-09-21 09:35:50;"Trening 1";"Squat (Barbell)";4;70;kg;8;;;;0;;;48h 6m
2018-09-21 09:35:50;"Trening 1";"Front Raise (Dumbbell)";1;12,5;kg;10;;;;0;"";;48h 6m
2018-09-21 09:35:50;"Trening 1";"Front Raise (Dumbbell)";2;12,5;kg;9;;;;0;;;48h 6m
2018-09-21 09:35:50;"Trening 1";"Triceps Dip";1;30;kg;12;;;;0;"";;48h 6m
2018-09-21 09:35:50;"Trening 1";"Triceps Dip";2;30;kg;12;;;;0;;;48h 6m
2018-09-21 09:35:50;"Trening 1";"Triceps Dip";3;30;kg;9;;;;0;;;48h 6m
2018-09-21 09:35:50;"Trening 1";"Plank";1;;;;;;km;60;"";;48h 6m
2018-09-21 09:35:50;"Trening 1";"Plank";2;;;;;;km;60;;;48h 6m
2018-09-21 09:35:50;"Trening 1";"Plank";3;;;;;;km;60;;;48h 6m
2018-09-21 09:35:50;"Trening 1";"Hanging Knee Raise";1;;;20;;;;0;"";;48h 6m
2018-09-21 09:35:50;"Trening 1";"Hanging Knee Raise";2;;;20;;;;0;;;48h 6m
2018-09-21 09:35:50;"Trening 1";"Hanging Knee Raise";3;;;20;;;;0;;;48h 6m
2018-09-23 09:54:17;"Trening 2";"Deadlift (Barbell)";1;100;kg;5;;;;0;"";"";2h 36m
2018-09-23 09:54:17;"Trening 2";"Deadlift (Barbell)";2;95;kg;6;;;;0;;;2h 36m
2018-09-23 09:54:17;"Trening 2";"Deadlift (Barbell)";3;90;kg;8;;;;0;;;2h 36m
2018-09-23 09:54:17;"Trening 2";"Deadlift (Barbell)";4;85;kg;8;;;;0;;;2h 36m
2018-09-23 09:54:17;"Trening 2";"Bent Over Row (Barbell)";1;62,5;kg;5;;;;0;"";;2h 36m
2018-09-23 09:54:17;"Trening 2";"Bent Over Row (Barbell)";2;57,5;kg;6;;;;0;;;2h 36m
2018-09-23 09:54:17;"Trening 2";"Bent Over Row (Barbell)";3;52,5;kg;8;;;;0;;;2h 36m
2018-09-23 09:54:17;"Trening 2";"Bent Over Row (Barbell)";4;50;kg;8;;;;0;;;2h 36m
2018-09-23 09:54:17;"Trening 2";"Pull Up";1;0;kg;10;;;;0;"";;2h 36m
2018-09-23 09:54:17;"Trening 2";"Pull Up";2;0;kg;9;;;;0;;;2h 36m
2018-09-23 09:54:17;"Trening 2";"Pull Up";3;0;kg;10;;;;0;;;2h 36m
2018-09-23 09:54:17;"Trening 2";"Pull Up";4;0;kg;10;;;;0;;;2h 36m
2018-09-23 09:54:17;"Trening 2";"Bench Press (Dumbbell)";1;30;kg;10;;;;0;"";;2h 36m
2018-09-23 09:54:17;"Trening 2";"Bench Press (Dumbbell)";2;30;kg;8;;;;0;;;2h 36m
2018-09-23 09:54:17;"Trening 2";"Bench Press (Dumbbell)";3;30;kg;7;;;;0;;;2h 36m
2018-09-23 09:54:17;"Trening 2";"Bicep Curl (Dumbbell)";1;12,5;kg;10;;;;0;"";;2h 36m
2018-09-23 09:54:17;"Trening 2";"Bicep Curl (Dumbbell)";2;12,5;kg;9;;;;0;;;2h 36m
2018-09-23 09:54:17;"Trening 2";"Bicep Curl (Dumbbell)";3;12,5;kg;9;;;;0;;;2h 36m
2018-09-23 09:54:17;"Trening 2";"Plank";1;;;;;;km;60;"";;2h 36m
2018-09-23 09:54:17;"Trening 2";"Plank";2;;;;;;km;60;;;2h 36m
2018-09-23 09:54:17;"Trening 2";"Plank";3;;;;;;km;60;;;2h 36m
2018-09-23 09:54:17;"Trening 2";"Cable Crunch";1;25;kg;20;;;;0;"";;2h 36m
2018-09-23 09:54:17;"Trening 2";"Cable Crunch";2;30;kg;18;;;;0;;;2h 36m
2018-09-23 09:54:17;"Trening 2";"Cable Crunch";3;35;kg;12;;;;0;;;2h 36m
2018-09-25 09:42:08;"Trening 1";"Bench Press (Barbell)";1;85;kg;4;;;;0;"";"";2h 6m
2018-09-25 09:42:08;"Trening 1";"Bench Press (Barbell)";2;80;kg;5;;;;0;;;2h 6m
2018-09-25 09:42:08;"Trening 1";"Bench Press (Barbell)";3;75;kg;7;;;;0;;;2h 6m
2018-09-25 09:42:08;"Trening 1";"Bench Press (Barbell)";4;70;kg;7;;;;0;;;2h 6m
2018-09-25 09:42:08;"Trening 1";"Overhead Press (Barbell)";1;50;kg;5;;;;0;"";;2h 6m
2018-09-25 09:42:08;"Trening 1";"Overhead Press (Barbell)";2;45;kg;6;;;;0;;;2h 6m
2018-09-25 09:42:08;"Trening 1";"Overhead Press (Barbell)";3;40;kg;7;;;;0;;;2h 6m
2018-09-25 09:42:08;"Trening 1";"Overhead Press (Barbell)";4;40;kg;7;;;;0;;;2h 6m
2018-09-25 09:42:08;"Trening 1";"Squat (Barbell)";1;85;kg;5;;;;0;"";;2h 6m
2018-09-25 09:42:08;"Trening 1";"Squat (Barbell)";2;80;kg;6;;;;0;;;2h 6m
2018-09-25 09:42:08;"Trening 1";"Squat (Barbell)";3;75;kg;8;;;;0;;;2h 6m
2018-09-25 09:42:08;"Trening 1";"Squat (Barbell)";4;70;kg;8;;;;0;;;2h 6m
2018-09-25 09:42:08;"Trening 1";"Front Raise (Dumbbell)";1;12,5;kg;11;;;;0;"";;2h 6m
2018-09-25 09:42:08;"Trening 1";"Front Raise (Dumbbell)";2;12,5;kg;9;;;;0;;;2h 6m
2018-09-25 09:42:08;"Trening 1";"Triceps Dip";1;30;kg;12;;;;0;"";;2h 6m
2018-09-25 09:42:08;"Trening 1";"Triceps Dip";2;30;kg;12;;;;0;;;2h 6m
2018-09-25 09:42:08;"Trening 1";"Triceps Dip";3;30;kg;11;;;;0;;;2h 6m
2018-09-25 09:42:08;"Trening 1";"Plank";1;;;;;;km;60;"";;2h 6m
2018-09-25 09:42:08;"Trening 1";"Plank";2;;;;;;km;60;;;2h 6m
2018-09-25 09:42:08;"Trening 1";"Plank";3;;;;;;km;60;;;2h 6m
2018-09-25 09:42:08;"Trening 1";"Hanging Knee Raise";1;;;15;;;;0;"";;2h 6m
2018-09-25 09:42:08;"Trening 1";"Hanging Knee Raise";2;;;15;;;;0;;;2h 6m
2018-09-25 09:42:08;"Trening 1";"Hanging Knee Raise";3;;;10;;;;0;;;2h 6m
2018-09-27 09:38:57;"Trening 2";"Deadlift (Barbell)";1;105;kg;5;;;;0;"";"";72h 4m
2018-09-27 09:38:57;"Trening 2";"Deadlift (Barbell)";2;100;kg;6;;;;0;;;72h 4m
2018-09-27 09:38:57;"Trening 2";"Deadlift (Barbell)";3;95;kg;8;;;;0;;;72h 4m
2018-09-27 09:38:57;"Trening 2";"Deadlift (Barbell)";4;80;kg;8;;;;0;;;72h 4m
2018-09-27 09:38:57;"Trening 2";"Bent Over Row (Barbell)";1;65;kg;4;;;;0;"";;72h 4m
2018-09-27 09:38:57;"Trening 2";"Bent Over Row (Barbell)";2;60;kg;5;;;;0;;;72h 4m
2018-09-27 09:38:57;"Trening 2";"Bent Over Row (Barbell)";3;55;kg;8;;;;0;;;72h 4m
2018-09-27 09:38:57;"Trening 2";"Bent Over Row (Barbell)";4;50;kg;8;;;;0;;;72h 4m
2018-09-27 09:38:57;"Trening 2";"Pull Up";1;0;kg;10;;;;0;"";;72h 4m
2018-09-27 09:38:57;"Trening 2";"Pull Up";2;0;kg;9;;;;0;;;72h 4m
2018-09-27 09:38:57;"Trening 2";"Pull Up";3;0;kg;10;;;;0;;;72h 4m
2018-09-27 09:38:57;"Trening 2";"Pull Up";4;0;kg;10;;;;0;;;72h 4m
2018-09-27 09:38:57;"Trening 2";"Bench Press (Dumbbell)";1;30;kg;10;;;;0;"";;72h 4m
2018-09-27 09:38:57;"Trening 2";"Bench Press (Dumbbell)";2;30;kg;10;;;;0;;;72h 4m
2018-09-27 09:38:57;"Trening 2";"Bench Press (Dumbbell)";3;30;kg;6;;;;0;;;72h 4m
2018-09-27 09:38:57;"Trening 2";"Bicep Curl (Dumbbell)";1;12,5;kg;12;;;;0;"";;72h 4m
2018-09-27 09:38:57;"Trening 2";"Bicep Curl (Dumbbell)";2;12,5;kg;9;;;;0;;;72h 4m
2018-09-27 09:38:57;"Trening 2";"Bicep Curl (Dumbbell)";3;12,5;kg;7;;;;0;;;72h 4m
2018-09-27 09:38:57;"Trening 2";"Plank";1;;;;;;km;60;"";;72h 4m
2018-09-27 09:38:57;"Trening 2";"Plank";2;;;;;;km;60;;;72h 4m
2018-09-27 09:38:57;"Trening 2";"Plank";3;;;;;;km;60;;;72h 4m
2018-09-27 09:38:57;"Trening 2";"Cable Crunch";1;20;kg;20;;;;0;"";;72h 4m
2018-09-27 09:38:57;"Trening 2";"Cable Crunch";2;20;kg;20;;;;0;;;72h 4m
2018-09-30 09:44:00;"Trening 1";"Bench Press (Barbell)";1;70;kg;8;;;;0;"";"";2h 13m
2018-09-30 09:44:00;"Trening 1";"Bench Press (Barbell)";2;60;kg;10;;;;0;;;2h 13m
2018-09-30 09:44:00;"Trening 1";"Bench Press (Barbell)";3;50;kg;12;;;;0;;;2h 13m
2018-09-30 09:44:00;"Trening 1";"Bench Press (Barbell)";4;50;kg;12;;;;0;;;2h 13m
2018-09-30 09:44:00;"Trening 1";"Overhead Press (Barbell)";1;35;kg;8;;;;0;"";;2h 13m
2018-09-30 09:44:00;"Trening 1";"Overhead Press (Barbell)";2;30;kg;10;;;;0;;;2h 13m
2018-09-30 09:44:00;"Trening 1";"Overhead Press (Barbell)";3;30;kg;10;;;;0;;;2h 13m
2018-09-30 09:44:00;"Trening 1";"Overhead Press (Barbell)";4;30;kg;10;;;;0;;;2h 13m
2018-09-30 09:44:00;"Trening 1";"Squat (Barbell)";1;60;kg;8;;;;0;"";;2h 13m
2018-09-30 09:44:00;"Trening 1";"Squat (Barbell)";2;50;kg;8;;;;0;;;2h 13m
2018-09-30 09:44:00;"Trening 1";"Squat (Barbell)";3;50;kg;8;;;;0;;;2h 13m
2018-09-30 09:44:00;"Trening 1";"Squat (Barbell)";4;50;kg;10;;;;0;;;2h 13m
2018-09-30 09:44:00;"Trening 1";"Front Raise (Dumbbell)";1;7,5;kg;12;;;;0;"";;2h 13m
2018-09-30 09:44:00;"Trening 1";"Front Raise (Dumbbell)";2;7,5;kg;17;;;;0;;;2h 13m
2018-09-30 09:44:00;"Trening 1";"Triceps Dip";1;0;kg;16;;;;0;"";;2h 13m
2018-09-30 09:44:00;"Trening 1";"Triceps Dip";2;0;kg;16;;;;0;;;2h 13m
2018-09-30 09:44:00;"Trening 1";"Triceps Dip";3;0;kg;19;;;;0;;;2h 13m
2018-10-02 09:33:25;"Trening 2";"Deadlift (Barbell)";1;100;kg;5;;;;0;"";"";2h 14m
2018-10-02 09:33:25;"Trening 2";"Deadlift (Barbell)";2;90;kg;6;;;;0;;;2h 14m
2018-10-02 09:33:25;"Trening 2";"Deadlift (Barbell)";3;80;kg;8;;;;0;;;2h 14m
2018-10-02 09:33:25;"Trening 2";"Deadlift (Barbell)";4;80;kg;8;;;;0;;;2h 14m
2018-10-02 09:33:25;"Trening 2";"Bent Over Row (Barbell)";1;50;kg;5;;;;0;"";;2h 14m
2018-10-02 09:33:25;"Trening 2";"Bent Over Row (Barbell)";2;45;kg;8;;;;0;;;2h 14m
2018-10-02 09:33:25;"Trening 2";"Bent Over Row (Barbell)";3;40;kg;10;;;;0;;;2h 14m
2018-10-02 09:33:25;"Trening 2";"Bent Over Row (Barbell)";4;40;kg;10;;;;0;;;2h 14m
2018-10-02 09:33:25;"Trening 2";"Pull Up";1;0;kg;10;;;;0;"";;2h 14m
2018-10-02 09:33:25;"Trening 2";"Pull Up";2;0;kg;8;;;;0;;;2h 14m
2018-10-02 09:33:25;"Trening 2";"Pull Up";3;0;kg;7;;;;0;;;2h 14m
2018-10-02 09:33:25;"Trening 2";"Pull Up";4;0;kg;8;;;;0;;;2h 14m
2018-10-02 09:33:25;"Trening 2";"Bench Press (Dumbbell)";1;27,5;kg;10;;;;0;"";;2h 14m
2018-10-02 09:33:25;"Trening 2";"Bench Press (Dumbbell)";2;27,5;kg;11;;;;0;;;2h 14m
2018-10-02 09:33:25;"Trening 2";"Bench Press (Dumbbell)";3;27,5;kg;10;;;;0;;;2h 14m
2018-10-02 09:33:25;"Trening 2";"Bicep Curl (Dumbbell)";1;10;kg;15;;;;0;"";;2h 14m
2018-10-02 09:33:25;"Trening 2";"Bicep Curl (Dumbbell)";2;10;kg;15;;;;0;;;2h 14m
2018-10-02 09:33:25;"Trening 2";"Bicep Curl (Dumbbell)";3;10;kg;15;;;;0;;;2h 14m
2018-10-02 09:33:25;"Trening 2";"Plank";1;;;;;;km;60;"";;2h 14m
2018-10-02 09:33:25;"Trening 2";"Plank";2;;;;;;km;60;;;2h 14m
2018-10-02 09:33:25;"Trening 2";"Plank";3;;;;;;km;60;;;2h 14m
2018-10-04 09:47:33;"Trening 1";"Bench Press (Barbell)";1;75;kg;6;;;;0;"";"";2h 17m
2018-10-04 09:47:33;"Trening 1";"Bench Press (Barbell)";2;70;kg;7;;;;0;;;2h 17m
2018-10-04 09:47:33;"Trening 1";"Bench Press (Barbell)";3;65;kg;9;;;;0;;;2h 17m
2018-10-04 09:47:33;"Trening 1";"Bench Press (Barbell)";4;60;kg;12;;;;0;;;2h 17m
2018-10-04 09:47:33;"Trening 1";"Overhead Press (Barbell)";1;50;kg;6;;;;0;"";;2h 17m
2018-10-04 09:47:33;"Trening 1";"Overhead Press (Barbell)";2;45;kg;7;;;;0;;;2h 17m
2018-10-04 09:47:33;"Trening 1";"Overhead Press (Barbell)";3;40;kg;9;;;;0;;;2h 17m
2018-10-04 09:47:33;"Trening 1";"Overhead Press (Barbell)";4;35;kg;10;;;;0;;;2h 17m
2018-10-04 09:47:33;"Trening 1";"Squat (Barbell)";1;70;kg;6;;;;0;"";;2h 17m
2018-10-04 09:47:33;"Trening 1";"Squat (Barbell)";2;70;kg;8;;;;0;;;2h 17m
2018-10-04 09:47:33;"Trening 1";"Squat (Barbell)";3;70;kg;10;;;;0;;;2h 17m
2018-10-04 09:47:33;"Trening 1";"Squat (Barbell)";4;70;kg;12;;;;0;;;2h 17m
2018-10-04 09:47:33;"Trening 1";"Front Raise (Dumbbell)";1;10;kg;13;;;;0;"";;2h 17m
2018-10-04 09:47:33;"Trening 1";"Triceps Dip";1;30;kg;12;;;;0;"";;2h 17m
2018-10-04 09:47:33;"Trening 1";"Triceps Dip";2;20;kg;12;;;;0;;;2h 17m
2018-10-04 09:47:33;"Trening 1";"Triceps Dip";3;20;kg;13;;;;0;;;2h 17m
2018-10-04 09:47:33;"Trening 1";"Plank";1;;;;;;km;90;"";;2h 17m
2018-10-04 09:47:33;"Trening 1";"Plank";2;;;;;;km;60;;;2h 17m
2018-10-04 09:47:33;"Trening 1";"Plank";3;;;;;;km;60;;;2h 17m
2018-10-04 09:47:33;"Trening 1";"Hanging Knee Raise";1;;;10;;;;0;"";;2h 17m
2018-10-04 09:47:33;"Trening 1";"Hanging Knee Raise";2;;;10;;;;0;;;2h 17m
2018-10-06 09:41:27;"Trening 2";"Deadlift (Barbell)";1;100;kg;6;;;;0;"";"";1h 53m
2018-10-06 09:41:27;"Trening 2";"Deadlift (Barbell)";2;90;kg;7;;;;0;;;1h 53m
2018-10-06 09:41:27;"Trening 2";"Deadlift (Barbell)";3;80;kg;9;;;;0;;;1h 53m
2018-10-06 09:41:27;"Trening 2";"Deadlift (Barbell)";4;70;kg;10;;;;0;;;1h 53m
2018-10-06 09:41:27;"Trening 2";"Bent Over Row (Barbell)";1;55;kg;6;;;;0;"";;1h 53m
2018-10-06 09:41:27;"Trening 2";"Bent Over Row (Barbell)";2;50;kg;7;;;;0;;;1h 53m
2018-10-06 09:41:27;"Trening 2";"Bent Over Row (Barbell)";3;45;kg;9;;;;0;;;1h 53m
2018-10-06 09:41:27;"Trening 2";"Bent Over Row (Barbell)";4;40;kg;10;;;;0;;;1h 53m
2018-10-06 09:41:27;"Trening 2";"Pull Up";1;0;kg;10;;;;0;"";;1h 53m
2018-10-06 09:41:27;"Trening 2";"Pull Up";2;0;kg;10;;;;0;;;1h 53m
2018-10-06 09:41:27;"Trening 2";"Pull Up";3;0;kg;9;;;;0;;;1h 53m
2018-10-06 09:41:27;"Trening 2";"Pull Up";4;0;kg;11;;;;0;;;1h 53m
2018-10-06 09:41:27;"Trening 2";"Bench Press (Dumbbell)";1;27,5;kg;11;;;;0;"";;1h 53m
2018-10-06 09:41:27;"Trening 2";"Bench Press (Dumbbell)";2;27,5;kg;10;;;;0;;;1h 53m
2018-10-06 09:41:27;"Trening 2";"Bench Press (Dumbbell)";3;27,5;kg;10;;;;0;;;1h 53m
2018-10-06 09:41:27;"Trening 2";"Bicep Curl (Dumbbell)";1;10;kg;10;;;;0;"";;1h 53m
2018-10-06 09:41:27;"Trening 2";"Bicep Curl (Dumbbell)";2;10;kg;10;;;;0;;;1h 53m
2018-10-06 09:41:27;"Trening 2";"Plank";1;;;;;;km;60;"";;1h 53m
2018-10-06 09:41:27;"Trening 2";"Plank";2;;;;;;km;60;;;1h 53m
2018-10-06 09:41:27;"Trening 2";"Plank";3;;;;;;km;60;;;1h 53m
2018-10-06 09:41:27;"Trening 2";"Cable Crunch";1;30;kg;20;;;;0;"";;1h 53m
2018-10-06 09:41:27;"Trening 2";"Cable Crunch";2;35;kg;18;;;;0;;;1h 53m
2018-10-06 09:41:27;"Trening 2";"Cable Crunch";3;35;kg;15;;;;0;;;1h 53m
2018-10-08 11:00:59;"Puig De Massanella";"Hiking";1;;;;;20;km;420;"";"";6h 59m
2018-10-11 09:20:11;"Dziki Trening";"Push Up";1;0;kg;20;;;;0;"";"";1h 11m
2018-10-11 09:20:11;"Dziki Trening";"Push Up";2;0;kg;20;;;;0;;;1h 11m
2018-10-11 09:20:11;"Dziki Trening";"Push Up";3;0;kg;20;;;;0;;;1h 11m
2018-10-11 09:20:11;"Dziki Trening";"Chest Dip";1;;;10;;;;0;"";;1h 11m
2018-10-11 09:20:11;"Dziki Trening";"Chest Dip";2;;;10;;;;0;;;1h 11m
2018-10-11 09:20:11;"Dziki Trening";"Chest Dip";3;;;10;;;;0;;;1h 11m
2018-10-11 09:20:11;"Dziki Trening";"Pull Up";1;;;10;;;;0;"16/08 Do pełnego wyprostu wszystkiego powtórzenia i bez omagania cialrm
09/09 pierwsze 10 lajtowo , ostatnia 6 sam 4 pomoc 
14/09 ostatnie 6 sam 
21/09: pierwsze dwie sam; 7 sam; 5 sam
27/09: sam; sam (z nogami); 6 sam; 6 sam
06/10: 3 serie sam, ostatnia 6 sam 
";;1h 11m
2018-10-11 09:20:11;"Dziki Trening";"Pull Up";2;;;10;;;;0;;;1h 11m
2018-10-11 09:20:11;"Dziki Trening";"Pull Up";3;;;10;;;;0;;;1h 11m
2018-10-11 09:20:11;"Dziki Trening";"Plank";1;;;;;;km;60;"";;1h 11m
2018-10-11 09:20:11;"Dziki Trening";"Plank";2;;;;;;km;60;;;1h 11m
2018-10-11 09:20:11;"Dziki Trening";"Plank";3;;;;;;km;60;;;1h 11m
2018-10-11 09:20:11;"Dziki Trening";"Hanging Knee Raise";1;;;15;;;;0;"";;1h 11m
2018-10-11 09:20:11;"Dziki Trening";"Hanging Knee Raise";2;;;15;;;;0;;;1h 11m
2018-10-11 09:20:11;"Dziki Trening";"Hanging Knee Raise";3;;;15;;;;0;;;1h 11m
2018-10-13 09:46:32;"Trening 1";"Bench Press (Barbell)";1;77,5;kg;6;;;;0;"";"";3h 15m
2018-10-13 09:46:32;"Trening 1";"Bench Press (Barbell)";2;72,5;kg;7;;;;0;;;3h 15m
2018-10-13 09:46:32;"Trening 1";"Bench Press (Barbell)";3;67,5;kg;9;;;;0;;;3h 15m
2018-10-13 09:46:32;"Trening 1";"Bench Press (Barbell)";4;60;kg;13;;;;0;;;3h 15m
2018-10-13 09:46:32;"Trening 1";"Overhead Press (Barbell)";1;50;kg;5;;;;0;"";;3h 15m
2018-10-13 09:46:32;"Trening 1";"Overhead Press (Barbell)";2;45;kg;6;;;;0;;;3h 15m
2018-10-13 09:46:32;"Trening 1";"Overhead Press (Barbell)";3;40;kg;8;;;;0;;;3h 15m
2018-10-13 09:46:32;"Trening 1";"Overhead Press (Barbell)";4;40;kg;7;;;;0;;;3h 15m
2018-10-13 09:46:32;"Trening 1";"Squat (Barbell)";1;80;kg;6;;;;0;"";;3h 15m
2018-10-13 09:46:32;"Trening 1";"Squat (Barbell)";2;80;kg;7;;;;0;;;3h 15m
2018-10-13 09:46:32;"Trening 1";"Squat (Barbell)";3;80;kg;10;;;;0;;;3h 15m
2018-10-13 09:46:32;"Trening 1";"Squat (Barbell)";4;70;kg;13;;;;0;;;3h 15m
2018-10-13 09:46:32;"Trening 1";"Front Raise (Dumbbell)";1;7,5;kg;12;;;;0;"";;3h 15m
2018-10-13 09:46:32;"Trening 1";"Front Raise (Dumbbell)";2;7,5;kg;10;;;;0;;;3h 15m
2018-10-13 09:46:32;"Trening 1";"Triceps Dip";1;0;kg;15;;;;0;"";;3h 15m
2018-10-13 09:46:32;"Trening 1";"Triceps Dip";2;10;kg;15;;;;0;;;3h 15m
2018-10-13 09:46:32;"Trening 1";"Triceps Dip";3;10;kg;12;;;;0;;;3h 15m
2018-10-13 09:46:32;"Trening 1";"Plank";1;;;;;;km;90;"";;3h 15m
2018-10-13 09:46:32;"Trening 1";"Plank";2;;;;;;km;60;;;3h 15m
2018-10-13 09:46:32;"Trening 1";"Plank";3;;;;;;km;60;;;3h 15m
2018-10-13 09:46:32;"Trening 1";"Hanging Knee Raise";1;;;20;;;;0;"";;3h 15m
2018-10-13 09:46:32;"Trening 1";"Hanging Knee Raise";2;;;15;;;;0;;;3h 15m
2018-10-16 10:59:21;"Trening 2";"Deadlift (Barbell)";1;105;kg;5;;;;0;"";"";1h 34m
2018-10-16 10:59:21;"Trening 2";"Deadlift (Barbell)";2;95;kg;7;;;;0;;;1h 34m
2018-10-16 10:59:21;"Trening 2";"Deadlift (Barbell)";3;85;kg;9;;;;0;;;1h 34m
2018-10-16 10:59:21;"Trening 2";"Deadlift (Barbell)";4;75;kg;10;;;;0;;;1h 34m
2018-10-16 10:59:21;"Trening 2";"Bent Over Row (Barbell)";1;55;kg;6;;;;0;"";;1h 34m
2018-10-16 10:59:21;"Trening 2";"Bent Over Row (Barbell)";2;50;kg;7;;;;0;;;1h 34m
2018-10-16 10:59:21;"Trening 2";"Bent Over Row (Barbell)";3;45;kg;9;;;;0;;;1h 34m
2018-10-16 10:59:21;"Trening 2";"Bent Over Row (Barbell)";4;40;kg;12;;;;0;;;1h 34m
2018-10-16 10:59:21;"Trening 2";"Pull Up";1;0;kg;9;;;;0;"";;1h 34m
2018-10-16 10:59:21;"Trening 2";"Pull Up";2;0;kg;8;;;;0;;;1h 34m
2018-10-16 10:59:21;"Trening 2";"Pull Up";3;0;kg;6;;;;0;;;1h 34m
2018-10-16 10:59:21;"Trening 2";"Pull Up";4;0;kg;7;;;;0;;;1h 34m
2018-10-16 10:59:21;"Trening 2";"Bench Press (Dumbbell)";1;27,5;kg;11;;;;0;"";;1h 34m
2018-10-16 10:59:21;"Trening 2";"Bench Press (Dumbbell)";2;27,5;kg;11;;;;0;;;1h 34m
2018-10-16 10:59:21;"Trening 2";"Bench Press (Dumbbell)";3;27,5;kg;8;;;;0;;;1h 34m
2018-10-16 10:59:21;"Trening 2";"Bicep Curl (Dumbbell)";1;10;kg;12;;;;0;"";;1h 34m
2018-10-16 10:59:21;"Trening 2";"Bicep Curl (Dumbbell)";2;10;kg;10;;;;0;;;1h 34m
2018-10-16 10:59:21;"Trening 2";"Bicep Curl (Dumbbell)";3;10;kg;10;;;;0;;;1h 34m
2018-10-16 10:59:21;"Trening 2";"Plank";1;;;;;;km;60;"";;1h 34m
2018-10-16 10:59:21;"Trening 2";"Plank";2;;;;;;km;60;;;1h 34m
2018-10-16 10:59:21;"Trening 2";"Plank";3;;;;;;km;60;;;1h 34m
2018-10-16 10:59:21;"Trening 2";"Cable Crunch";1;20;kg;20;;;;0;"";;1h 34m
2018-10-16 10:59:21;"Trening 2";"Cable Crunch";2;20;kg;20;;;;0;;;1h 34m
2018-10-16 10:59:21;"Trening 2";"Cable Crunch";3;20;kg;20;;;;0;;;1h 34m
2018-10-18 09:22:13;"Trening 1";"Bench Press (Barbell)";1;80;kg;4;;;;0;"";"";1h 30m
2018-10-18 09:22:13;"Trening 1";"Bench Press (Barbell)";2;75;kg;7;;;;0;;;1h 30m
2018-10-18 09:22:13;"Trening 1";"Bench Press (Barbell)";3;70;kg;8;;;;0;;;1h 30m
2018-10-18 09:22:13;"Trening 1";"Bench Press (Barbell)";4;65;kg;10;;;;0;;;1h 30m
2018-10-18 09:22:13;"Trening 1";"Overhead Press (Barbell)";1;45;kg;6;;;;0;"";;1h 30m
2018-10-18 09:22:13;"Trening 1";"Overhead Press (Barbell)";2;40;kg;7;;;;0;;;1h 30m
2018-10-18 09:22:13;"Trening 1";"Overhead Press (Barbell)";3;35;kg;9;;;;0;;;1h 30m
2018-10-18 09:22:13;"Trening 1";"Overhead Press (Barbell)";4;35;kg;10;;;;0;;;1h 30m
2018-10-18 09:22:13;"Trening 1";"Squat (Barbell)";1;85;kg;5;;;;0;"";;1h 30m
2018-10-18 09:22:13;"Trening 1";"Squat (Barbell)";2;80;kg;7;;;;0;;;1h 30m
2018-10-18 09:22:13;"Trening 1";"Squat (Barbell)";3;75;kg;10;;;;0;;;1h 30m
2018-10-18 09:22:13;"Trening 1";"Squat (Barbell)";4;70;kg;10;;;;0;;;1h 30m
2018-10-18 09:22:13;"Trening 1";"Front Raise (Dumbbell)";1;7,5;kg;13;;;;0;"";;1h 30m
2018-10-18 09:22:13;"Trening 1";"Front Raise (Dumbbell)";2;7,5;kg;12;;;;0;;;1h 30m
2018-10-18 09:22:13;"Trening 1";"Triceps Dip";1;10;kg;15;;;;0;"";;1h 30m
2018-10-18 09:22:13;"Trening 1";"Triceps Dip";2;10;kg;15;;;;0;;;1h 30m
2018-10-18 09:22:13;"Trening 1";"Triceps Dip";3;10;kg;13;;;;0;;;1h 30m
2018-10-18 09:22:13;"Trening 1";"Plank";1;;;;;;km;90;"";;1h 30m
2018-10-18 09:22:13;"Trening 1";"Plank";2;;;;;;km;90;;;1h 30m
2018-10-18 09:22:13;"Trening 1";"Plank";3;;;;;;km;90;;;1h 30m
2018-10-18 09:22:13;"Trening 1";"Hanging Knee Raise";1;;;15;;;;0;"";;1h 30m
2018-10-18 09:22:13;"Trening 1";"Hanging Knee Raise";2;;;16;;;;0;;;1h 30m
2018-10-18 09:22:13;"Trening 1";"Hanging Knee Raise";3;;;15;;;;0;;;1h 30m
2018-10-20 10:51:25;"Trening 2";"Deadlift (Barbell)";1;105;kg;5;;;;0;"";"";1h 44m
2018-10-20 10:51:25;"Trening 2";"Deadlift (Barbell)";2;95;kg;6;;;;0;;;1h 44m
2018-10-20 10:51:25;"Trening 2";"Deadlift (Barbell)";3;85;kg;8;;;;0;;;1h 44m
2018-10-20 10:51:25;"Trening 2";"Deadlift (Barbell)";4;80;kg;8;;;;0;;;1h 44m
2018-10-20 10:51:25;"Trening 2";"Bent Over Row (Barbell)";1;57,5;kg;5;;;;0;"";;1h 44m
2018-10-20 10:51:25;"Trening 2";"Bent Over Row (Barbell)";2;52,5;kg;6;;;;0;;;1h 44m
2018-10-20 10:51:25;"Trening 2";"Bent Over Row (Barbell)";3;47,5;kg;8;;;;0;;;1h 44m
2018-10-20 10:51:25;"Trening 2";"Bent Over Row (Barbell)";4;42,5;kg;8;;;;0;;;1h 44m
2018-10-20 10:51:25;"Trening 2";"Pull Up";1;0;kg;9;;;;0;"";;1h 44m
2018-10-20 10:51:25;"Trening 2";"Pull Up";2;0;kg;8;;;;0;;;1h 44m
2018-10-20 10:51:25;"Trening 2";"Pull Up";3;0;kg;7;;;;0;;;1h 44m
2018-10-20 10:51:25;"Trening 2";"Pull Up";4;0;kg;6;;;;0;;;1h 44m
2018-10-20 10:51:25;"Trening 2";"Bench Press (Dumbbell)";1;27,5;kg;11;;;;0;"";;1h 44m
2018-10-20 10:51:25;"Trening 2";"Bench Press (Dumbbell)";2;27,5;kg;10;;;;0;;;1h 44m
2018-10-20 10:51:25;"Trening 2";"Bench Press (Dumbbell)";3;27,5;kg;8;;;;0;;;1h 44m
2018-10-20 10:51:25;"Trening 2";"Bicep Curl (Dumbbell)";1;10;kg;13;;;;0;"";;1h 44m
2018-10-20 10:51:25;"Trening 2";"Bicep Curl (Dumbbell)";2;10;kg;10;;;;0;;;1h 44m
2018-10-20 10:51:25;"Trening 2";"Bicep Curl (Dumbbell)";3;10;kg;12;;;;0;;;1h 44m
2018-10-20 10:51:25;"Trening 2";"Plank";1;;;;;;km;60;"";;1h 44m
2018-10-20 10:51:25;"Trening 2";"Plank";2;;;;;;km;60;;;1h 44m
2018-10-20 10:51:25;"Trening 2";"Plank";3;;;;;;km;60;;;1h 44m
2018-10-20 10:51:25;"Trening 2";"Cable Crunch";1;20;kg;20;;;;0;"";;1h 44m
2018-10-20 10:51:25;"Trening 2";"Cable Crunch";2;30;kg;15;;;;0;;;1h 44m
2018-10-20 10:51:25;"Trening 2";"Cable Crunch";3;30;kg;15;;;;0;;;1h 44m
2018-10-26 09:02:57;"Trening 1";"Bench Press (Barbell)";1;70;kg;6;;;;0;"";"";1h 13m
2018-10-26 09:02:57;"Trening 1";"Bench Press (Barbell)";2;65;kg;7;;;;0;;;1h 13m
2018-10-26 09:02:57;"Trening 1";"Bench Press (Barbell)";3;60;kg;8;;;;0;;;1h 13m
2018-10-26 09:02:57;"Trening 1";"Bench Press (Barbell)";4;60;kg;8;;;;0;;;1h 13m
2018-10-26 09:02:57;"Trening 1";"Overhead Press (Barbell)";1;40;kg;6;;;;0;"";;1h 13m
2018-10-26 09:02:57;"Trening 1";"Overhead Press (Barbell)";2;35;kg;7;;;;0;;;1h 13m
2018-10-26 09:02:57;"Trening 1";"Overhead Press (Barbell)";3;30;kg;8;;;;0;;;1h 13m
2018-10-26 09:02:57;"Trening 1";"Squat (Barbell)";1;60;kg;8;;;;0;"";;1h 13m
2018-10-26 09:02:57;"Trening 1";"Squat (Barbell)";2;60;kg;8;;;;0;;;1h 13m
2018-10-26 09:02:57;"Trening 1";"Squat (Barbell)";3;60;kg;8;;;;0;;;1h 13m
2018-10-26 09:02:57;"Trening 1";"Squat (Barbell)";4;60;kg;10;;;;0;;;1h 13m
2018-10-26 09:02:57;"Trening 1";"Front Raise (Dumbbell)";1;7,5;kg;15;;;;0;"";;1h 13m
2018-10-26 09:02:57;"Trening 1";"Front Raise (Dumbbell)";2;7,5;kg;13;;;;0;;;1h 13m
2018-10-26 09:02:57;"Trening 1";"Triceps Dip";1;10;kg;15;;;;0;"";;1h 13m
2018-10-26 09:02:57;"Trening 1";"Triceps Dip";2;10;kg;12;;;;0;;;1h 13m
2018-10-26 09:02:57;"Trening 1";"Triceps Dip";3;10;kg;12;;;;0;;;1h 13m
2018-10-26 09:02:57;"Trening 1";"Plank";1;;;;;;km;60;"";;1h 13m
2018-10-26 09:02:57;"Trening 1";"Plank";2;;;;;;km;60;;;1h 13m
2018-10-26 09:02:57;"Trening 1";"Plank";3;;;;;;km;90;;;1h 13m
2018-10-26 09:02:57;"Trening 1";"Hanging Knee Raise";1;;;10;;;;0;"";;1h 13m
2018-10-26 09:02:57;"Trening 1";"Hanging Knee Raise";2;;;81;;;;0;;;1h 13m
2018-10-26 09:02:57;"Trening 1";"Hanging Knee Raise";3;;;15;;;;0;;;1h 13m
2018-10-29 08:37:56;"Trening 2";"Deadlift (Barbell)";1;90;kg;5;;;;0;"";"";2h 31m
2018-10-29 08:37:56;"Trening 2";"Deadlift (Barbell)";2;80;kg;6;;;;0;;;2h 31m
2018-10-29 08:37:56;"Trening 2";"Deadlift (Barbell)";3;70;kg;8;;;;0;;;2h 31m
2018-10-29 08:37:56;"Trening 2";"Deadlift (Barbell)";4;60;kg;8;;;;0;;;2h 31m
2018-10-29 08:37:56;"Trening 2";"Bent Over Row (Barbell)";1;60;kg;5;;;;0;"";;2h 31m
2018-10-29 08:37:56;"Trening 2";"Bent Over Row (Barbell)";2;55;kg;6;;;;0;;;2h 31m
2018-10-29 08:37:56;"Trening 2";"Bent Over Row (Barbell)";3;50;kg;8;;;;0;;;2h 31m
2018-10-29 08:37:56;"Trening 2";"Bent Over Row (Barbell)";4;45;kg;8;;;;0;;;2h 31m
2018-10-29 08:37:56;"Trening 2";"Pull Up";1;0;kg;9;;;;0;"";;2h 31m
2018-10-29 08:37:56;"Trening 2";"Pull Up";2;0;kg;6;;;;0;;;2h 31m
2018-10-29 08:37:56;"Trening 2";"Pull Up";3;0;kg;5;;;;0;;;2h 31m
2018-10-29 08:37:56;"Trening 2";"Pull Up";4;0;kg;5;;;;0;;;2h 31m
2018-10-29 08:37:56;"Trening 2";"Bench Press (Dumbbell)";1;25;kg;10;;;;0;"";;2h 31m
2018-10-29 08:37:56;"Trening 2";"Bench Press (Dumbbell)";2;25;kg;10;;;;0;;;2h 31m
2018-10-29 08:37:56;"Trening 2";"Bench Press (Dumbbell)";3;25;kg;8;;;;0;;;2h 31m
2018-10-29 08:37:56;"Trening 2";"Bicep Curl (Dumbbell)";1;10;kg;12;;;;0;"";;2h 31m
2018-10-29 08:37:56;"Trening 2";"Bicep Curl (Dumbbell)";2;10;kg;12;;;;0;;;2h 31m
2018-10-29 08:37:56;"Trening 2";"Bicep Curl (Dumbbell)";3;10;kg;12;;;;0;;;2h 31m
2018-10-31 08:29:14;"Trening 1";"Bench Press (Barbell)";1;75;kg;5;;;;0;"";"";48h 18m
2018-10-31 08:29:14;"Trening 1";"Bench Press (Barbell)";2;70;kg;6;;;;0;;;48h 18m
2018-10-31 08:29:14;"Trening 1";"Bench Press (Barbell)";3;65;kg;8;;;;0;;;48h 18m
2018-10-31 08:29:14;"Trening 1";"Bench Press (Barbell)";4;65;kg;8;;;;0;;;48h 18m
2018-10-31 08:29:14;"Trening 1";"Overhead Press (Barbell)";1;50;kg;5;;;;0;"";;48h 18m
2018-10-31 08:29:14;"Trening 1";"Overhead Press (Barbell)";2;45;kg;6;;;;0;;;48h 18m
2018-10-31 08:29:14;"Trening 1";"Overhead Press (Barbell)";3;40;kg;8;;;;0;;;48h 18m
2018-10-31 08:29:14;"Trening 1";"Overhead Press (Barbell)";4;40;kg;7;;;;0;;;48h 18m
2018-10-31 08:29:14;"Trening 1";"Squat (Barbell)";1;70;kg;7;;;;0;"";;48h 18m
2018-10-31 08:29:14;"Trening 1";"Squat (Barbell)";2;60;kg;7;;;;0;;;48h 18m
2018-10-31 08:29:14;"Trening 1";"Squat (Barbell)";3;60;kg;8;;;;0;;;48h 18m
2018-10-31 08:29:14;"Trening 1";"Squat (Barbell)";4;60;kg;8;;;;0;;;48h 18m
2018-10-31 08:29:14;"Trening 1";"Front Raise (Dumbbell)";1;8;kg;15;;;;0;"";;48h 18m
2018-10-31 08:29:14;"Trening 1";"Front Raise (Dumbbell)";2;8;kg;15;;;;0;;;48h 18m
2018-10-31 08:29:14;"Trening 1";"Triceps Dip";1;10;kg;12;;;;0;"";;48h 18m
2018-10-31 08:29:14;"Trening 1";"Triceps Dip";2;10;kg;12;;;;0;;;48h 18m
2018-10-31 08:29:14;"Trening 1";"Triceps Dip";3;10;kg;12;;;;0;;;48h 18m
2018-10-31 08:29:14;"Trening 1";"Plank";1;;;;;;km;90;"";;48h 18m
2018-10-31 08:29:14;"Trening 1";"Plank";2;;;;;;km;90;;;48h 18m
2018-10-31 08:29:14;"Trening 1";"Plank";3;;;;;;km;60;;;48h 18m
2018-10-31 08:29:14;"Trening 1";"Hanging Knee Raise";1;;;8;;;;0;"";;48h 18m
2018-10-31 08:29:14;"Trening 1";"Hanging Knee Raise";2;;;8;;;;0;;;48h 18m
2018-10-31 08:29:14;"Trening 1";"Hanging Knee Raise";3;;;6;;;;0;;;48h 18m
2018-11-02 09:04:50;"Trening 2";"Deadlift (Barbell)";1;95;kg;5;;;;0;"";"";1h 18m
2018-11-02 09:04:50;"Trening 2";"Deadlift (Barbell)";2;85;kg;6;;;;0;;;1h 18m
2018-11-02 09:04:50;"Trening 2";"Deadlift (Barbell)";3;75;kg;8;;;;0;;;1h 18m
2018-11-02 09:04:50;"Trening 2";"Deadlift (Barbell)";4;65;kg;8;;;;0;;;1h 18m
2018-11-02 09:04:50;"Trening 2";"Bent Over Row (Barbell)";1;60;kg;5;;;;0;"";;1h 18m
2018-11-02 09:04:50;"Trening 2";"Bent Over Row (Barbell)";2;60;kg;6;;;;0;;;1h 18m
2018-11-02 09:04:50;"Trening 2";"Bent Over Row (Barbell)";3;60;kg;8;;;;0;;;1h 18m
2018-11-02 09:04:50;"Trening 2";"Bent Over Row (Barbell)";4;60;kg;8;;;;0;;;1h 18m
2018-11-02 09:04:50;"Trening 2";"Pull Up";1;0;kg;8;;;;0;"";;1h 18m
2018-11-02 09:04:50;"Trening 2";"Pull Up";2;0;kg;7;;;;0;;;1h 18m
2018-11-02 09:04:50;"Trening 2";"Pull Up";3;0;kg;6;;;;0;;;1h 18m
2018-11-02 09:04:50;"Trening 2";"Pull Up";4;0;kg;6;;;;0;;;1h 18m
2018-11-02 09:04:50;"Trening 2";"Bench Press (Dumbbell)";1;25;kg;10;;;;0;"";;1h 18m
2018-11-02 09:04:50;"Trening 2";"Bench Press (Dumbbell)";2;25;kg;10;;;;0;;;1h 18m
2018-11-02 09:04:50;"Trening 2";"Bench Press (Dumbbell)";3;25;kg;10;;;;0;;;1h 18m
2018-11-02 09:04:50;"Trening 2";"Bicep Curl (Dumbbell)";1;10;kg;12;;;;0;"";;1h 18m
2018-11-02 09:04:50;"Trening 2";"Bicep Curl (Dumbbell)";2;10;kg;12;;;;0;;;1h 18m
2018-11-02 09:04:50;"Trening 2";"Plank";1;;;;;;km;75;"";;1h 18m
2018-11-02 09:04:50;"Trening 2";"Plank";2;;;;;;km;75;;;1h 18m
2018-11-02 09:04:50;"Trening 2";"Plank";3;;;;;;km;75;;;1h 18m
2018-11-02 09:04:50;"Trening 2";"Cable Crunch";1;0;kg;10;;;;0;"";;1h 18m
2018-11-02 09:04:50;"Trening 2";"Cable Crunch";2;0;kg;12;;;;0;;;1h 18m
2018-11-13 08:12:55;"Trening 1";"Bench Press (Barbell)";1;77,5;kg;5;;;;0;"";"";1h 34m
2018-11-13 08:12:55;"Trening 1";"Bench Press (Barbell)";2;72,5;kg;6;;;;0;;;1h 34m
2018-11-13 08:12:55;"Trening 1";"Bench Press (Barbell)";3;67,5;kg;8;;;;0;;;1h 34m
2018-11-13 08:12:55;"Trening 1";"Bench Press (Barbell)";4;65;kg;8;;;;0;;;1h 34m
2018-11-13 08:12:55;"Trening 1";"Overhead Press (Barbell)";1;50;kg;5;;;;0;"";;1h 34m
2018-11-13 08:12:55;"Trening 1";"Overhead Press (Barbell)";2;45;kg;6;;;;0;;;1h 34m
2018-11-13 08:12:55;"Trening 1";"Overhead Press (Barbell)";3;40;kg;8;;;;0;;;1h 34m
2018-11-13 08:12:55;"Trening 1";"Overhead Press (Barbell)";4;40;kg;8;;;;0;;;1h 34m
2018-11-13 08:12:55;"Trening 1";"Squat (Barbell)";1;60;kg;8;;;;0;"";;1h 34m
2018-11-13 08:12:55;"Trening 1";"Squat (Barbell)";2;60;kg;8;;;;0;;;1h 34m
2018-11-13 08:12:55;"Trening 1";"Squat (Barbell)";3;60;kg;8;;;;0;;;1h 34m
2018-11-13 08:12:55;"Trening 1";"Squat (Barbell)";4;60;kg;8;;;;0;;;1h 34m
2018-11-13 08:12:55;"Trening 1";"Front Raise (Dumbbell)";1;10;kg;9;;;;0;"";;1h 34m
2018-11-13 08:12:55;"Trening 1";"Front Raise (Dumbbell)";2;10;kg;8;;;;0;;;1h 34m
2018-11-13 08:12:55;"Trening 1";"Triceps Dip";1;10;kg;12;;;;0;"";;1h 34m
2018-11-13 08:12:55;"Trening 1";"Triceps Dip";2;10;kg;12;;;;0;;;1h 34m
2018-11-13 08:12:55;"Trening 1";"Triceps Dip";3;10;kg;10;;;;0;;;1h 34m
2018-11-13 08:12:55;"Trening 1";"Plank";1;;;;;;km;90;"";;1h 34m
2018-11-13 08:12:55;"Trening 1";"Plank";2;;;;;;km;90;;;1h 34m
2018-11-13 08:12:55;"Trening 1";"Plank";3;;;;;;km;90;;;1h 34m
2018-11-13 08:12:55;"Trening 1";"Hanging Knee Raise";1;;;10;;;;0;"";;1h 34m
2018-11-13 08:12:55;"Trening 1";"Hanging Knee Raise";2;;;10;;;;0;;;1h 34m
2018-11-13 08:12:55;"Trening 1";"Hanging Knee Raise";3;;;10;;;;0;;;1h 34m